{"meta":{"task":"mnist_cluster_sparse_N50_K10_E8","algorithm":"mp_proposal_random_matching","model":"cnn","output_file_name":"output.json","sample":"uniform","aggregate":"none","learning_rate_decay":0.998,"weight_decay":0,"lr_scheduler":-1,"num_rounds":2,"proportion":0.2,"num_epochs":8,"learning_rate":0.001,"batch_size":2,"optimizer":"SGD","momentum":0,"seed":0,"eval_interval":1,"num_threads":1,"num_threads_per_gpu":1,"num_gpus":2,"gpu":0,"net_drop":0,"net_active":99999,"capability":0,"learning_rate_lambda":0,"q":0.0,"epsilon":0.0,"eta":1.0,"tau":0,"alpha":0.5,"beta":1.0,"gamma":0.0,"mu":0.1,"dataidx_filename":"mnist\/cluster_sparse\/50client\/mnist_cluster_sparse.json","dataidx_path":"none","server_gpu_id":0,"load_model_path":null,"data_folder":".\/benchmark\/mnist\/data","log_folder":"fedtask","wandb":1,"neg_fct":1.0,"neg_mrg":5.0,"temp":1.0,"kd_fct":1.0,"sthr":0.975,"cpg":2,"se":4},"mean_curve":[0.11664646625518799,0.22096969902515412,0.1765073838829994],"var_curve":[0.24717958857680977,0.2961175564457056,0.24104103068764865],"train_losses":[2.303758662939072,2.2690216974778608,2.2729662412946876],"test_accs":[0.1014,0.2082,0.1727],"test_losses":[2.3026015670776365,2.2742677558898925,2.270333048248291],"valid_accs":[[0.0,0.0,0.375,0.0,0.0,0.0,0.0,0.4444444477558136,0.0,0.0,0.0,0.0,0.625,0.0,0.0,0.0,0.0,0.7777777910232544,0.0,0.0,0.0,0.0,0.4545454680919647,0.0,0.0,0.0,0.0,0.6000000238418579,0.0,0.0,0.0,0.0,0.25,0.0,0.0,0.0,0.0,0.7777777910232544,0.0,0.0,0.0,0.0,0.75,0.0,0.0,0.0,0.0,0.7777777910232544,0.0,0.0],[0.0,0.0,0.375,0.5,0.0,0.0,0.0,0.3333333432674408,0.4444444477558136,0.0,0.0,0.0,0.375,0.6666666865348816,0.0,0.0,0.0,0.5555555820465088,0.800000011920929,0.0,0.0,0.0,0.4545454680919647,1.0,0.0,0.0,0.0,0.4000000059604645,0.625,0.0,0.0,0.0,0.25,0.5833333134651184,0.0,0.0,0.0,0.4444444477558136,0.75,0.0,0.0,0.0,0.375,0.8333333134651184,0.0,0.0,0.0,0.5555555820465088,0.7272727489471436,0.0],[0.0,0.0,0.0,0.4000000059604645,0.5,0.0,0.0,0.0,0.5555555820465088,0.3333333432674408,0.0,0.0,0.0,0.5833333134651184,0.25,0.0,0.0,0.0,0.4000000059604645,0.0,0.0,0.0,0.0,0.3333333432674408,0.6000000238418579,0.0,0.0,0.0,0.75,0.20000000298023224,0.0,0.0,0.0,0.5,0.3076923191547394,0.0,0.0,0.0,0.5,0.4000000059604645,0.0,0.0,0.0,0.5,0.6666666865348816,0.0,0.0,0.0,0.5454545617103577,0.5]],"client_accs":{"0":[0.0,0.0,0.0],"1":[0.0,0.0,0.0],"2":[0.375,0.375,0.0],"3":[0.0,0.5,0.4000000059604645],"4":[0.0,0.0,0.5],"5":[0.0,0.0,0.0],"6":[0.0,0.0,0.0],"7":[0.4444444477558136,0.3333333432674408,0.0],"8":[0.0,0.4444444477558136,0.5555555820465088],"9":[0.0,0.0,0.3333333432674408],"10":[0.0,0.0,0.0],"11":[0.0,0.0,0.0],"12":[0.625,0.375,0.0],"13":[0.0,0.6666666865348816,0.5833333134651184],"14":[0.0,0.0,0.25],"15":[0.0,0.0,0.0],"16":[0.0,0.0,0.0],"17":[0.7777777910232544,0.5555555820465088,0.0],"18":[0.0,0.800000011920929,0.4000000059604645],"19":[0.0,0.0,0.0],"20":[0.0,0.0,0.0],"21":[0.0,0.0,0.0],"22":[0.4545454680919647,0.4545454680919647,0.0],"23":[0.0,1.0,0.3333333432674408],"24":[0.0,0.0,0.6000000238418579],"25":[0.0,0.0,0.0],"26":[0.0,0.0,0.0],"27":[0.6000000238418579,0.4000000059604645,0.0],"28":[0.0,0.625,0.75],"29":[0.0,0.0,0.20000000298023224],"30":[0.0,0.0,0.0],"31":[0.0,0.0,0.0],"32":[0.25,0.25,0.0],"33":[0.0,0.5833333134651184,0.5],"34":[0.0,0.0,0.3076923191547394],"35":[0.0,0.0,0.0],"36":[0.0,0.0,0.0],"37":[0.7777777910232544,0.4444444477558136,0.0],"38":[0.0,0.75,0.5],"39":[0.0,0.0,0.4000000059604645],"40":[0.0,0.0,0.0],"41":[0.0,0.0,0.0],"42":[0.75,0.375,0.0],"43":[0.0,0.8333333134651184,0.5],"44":[0.0,0.0,0.6666666865348816],"45":[0.0,0.0,0.0],"46":[0.0,0.0,0.0],"47":[0.7777777910232544,0.5555555820465088,0.0],"48":[0.0,0.7272727489471436,0.5454545617103577],"49":[0.0,0.0,0.5]},"mean_valid_accs":[0.11136363785375249,0.21363636600700292,0.17727272954176773]}