{"meta":{"task":"mnist_cluster_sparse_N50_K10_E8","algorithm":"mp_proposal_cluster_matching_v2","model":"cnn","output_file_name":"output.json","sample":"uniform","aggregate":"none","learning_rate_decay":0.998,"weight_decay":0,"lr_scheduler":-1,"num_rounds":2,"proportion":0.2,"num_epochs":8,"learning_rate":0.001,"batch_size":2,"optimizer":"SGD","momentum":0,"seed":0,"eval_interval":1,"num_threads":1,"num_threads_per_gpu":1,"num_gpus":2,"gpu":0,"net_drop":0,"net_active":99999,"capability":0,"learning_rate_lambda":0,"q":0.0,"epsilon":0.0,"eta":1.0,"tau":0,"alpha":0.5,"beta":1.0,"gamma":0.0,"mu":0.1,"dataidx_filename":"mnist\/cluster_sparse\/50client\/mnist_cluster_sparse.json","dataidx_path":"none","server_gpu_id":0,"load_model_path":null,"data_folder":".\/benchmark\/mnist\/data","log_folder":"fedtask","wandb":1,"neg_fct":1.0,"neg_mrg":5.0,"temp":1.0,"kd_fct":1.0,"sthr":0.975,"cpg":2,"se":4},"mean_curve":[0.11664646625518799,0.1491757707297802,0.3761869266629219],"var_curve":[0.24717958857680977,0.24469817958456133,0.326663583356929],"train_losses":[2.3082610566507684,2.2909304415637797,2.2629885039546274],"test_accs":[0.101,0.1324,0.35],"test_losses":[2.3070689834594726,2.290102713012695,2.265879849243164],"valid_accs":[[0.0,0.0,0.375,0.0,0.0,0.0,0.0,0.4444444477558136,0.0,0.0,0.0,0.0,0.625,0.0,0.0,0.0,0.0,0.7777777910232544,0.0,0.0,0.0,0.0,0.4545454680919647,0.0,0.0,0.0,0.0,0.6000000238418579,0.0,0.0,0.0,0.0,0.25,0.0,0.0,0.0,0.0,0.7777777910232544,0.0,0.0,0.0,0.0,0.75,0.0,0.0,0.0,0.0,0.7777777910232544,0.0,0.0],[0.0,0.0,0.375,0.0,0.25,0.0,0.0,0.4444444477558136,0.0,0.25,0.0,0.0,0.625,0.0,0.125,0.0,0.0,0.7777777910232544,0.0,0.0,0.0,0.0,0.4545454680919647,0.0,0.0,0.0,0.0,0.6000000238418579,0.0,0.20000000298023224,0.0,0.0,0.25,0.0,0.1538461595773697,0.0,0.0,0.7777777910232544,0.0,0.10000000149011612,0.0,0.0,0.75,0.0,0.3333333432674408,0.0,0.0,0.7777777910232544,0.0,0.2142857164144516],[0.4166666567325592,0.0,0.25,0.4000000059604645,0.75,0.7142857313156128,0.0,0.0,0.3333333432674408,0.5833333134651184,0.3333333432674408,0.0,0.125,0.5833333134651184,0.875,0.75,0.0,0.1111111119389534,0.5,1.0,0.5454545617103577,0.0,0.0,0.3333333432674408,1.0,0.4000000059604645,0.0,0.0,0.75,0.800000011920929,0.20000000298023224,0.0,0.125,0.6666666865348816,0.7692307829856873,0.1111111119389534,0.0,0.2222222238779068,0.5,0.699999988079071,0.6000000238418579,0.0,0.125,0.5,1.0,0.3333333432674408,0.0,0.0,0.5454545617103577,0.8571428656578064]],"client_accs":{"0":[0.0,0.0,0.4166666567325592],"1":[0.0,0.0,0.0],"2":[0.375,0.375,0.25],"3":[0.0,0.0,0.4000000059604645],"4":[0.0,0.25,0.75],"5":[0.0,0.0,0.7142857313156128],"6":[0.0,0.0,0.0],"7":[0.4444444477558136,0.4444444477558136,0.0],"8":[0.0,0.0,0.3333333432674408],"9":[0.0,0.25,0.5833333134651184],"10":[0.0,0.0,0.3333333432674408],"11":[0.0,0.0,0.0],"12":[0.625,0.625,0.125],"13":[0.0,0.0,0.5833333134651184],"14":[0.0,0.125,0.875],"15":[0.0,0.0,0.75],"16":[0.0,0.0,0.0],"17":[0.7777777910232544,0.7777777910232544,0.1111111119389534],"18":[0.0,0.0,0.5],"19":[0.0,0.0,1.0],"20":[0.0,0.0,0.5454545617103577],"21":[0.0,0.0,0.0],"22":[0.4545454680919647,0.4545454680919647,0.0],"23":[0.0,0.0,0.3333333432674408],"24":[0.0,0.0,1.0],"25":[0.0,0.0,0.4000000059604645],"26":[0.0,0.0,0.0],"27":[0.6000000238418579,0.6000000238418579,0.0],"28":[0.0,0.0,0.75],"29":[0.0,0.20000000298023224,0.800000011920929],"30":[0.0,0.0,0.20000000298023224],"31":[0.0,0.0,0.0],"32":[0.25,0.25,0.125],"33":[0.0,0.0,0.6666666865348816],"34":[0.0,0.1538461595773697,0.7692307829856873],"35":[0.0,0.0,0.1111111119389534],"36":[0.0,0.0,0.0],"37":[0.7777777910232544,0.7777777910232544,0.2222222238779068],"38":[0.0,0.0,0.5],"39":[0.0,0.10000000149011612,0.699999988079071],"40":[0.0,0.0,0.6000000238418579],"41":[0.0,0.0,0.0],"42":[0.75,0.75,0.125],"43":[0.0,0.0,0.5],"44":[0.0,0.3333333432674408,1.0],"45":[0.0,0.0,0.3333333432674408],"46":[0.0,0.0,0.0],"47":[0.7777777910232544,0.7777777910232544,0.0],"48":[0.0,0.0,0.5454545617103577],"49":[0.0,0.2142857164144516,0.8571428656578064]},"mean_valid_accs":[0.11136363785375249,0.1454545474526557,0.3681818204847249]}