{"meta":{"task":"mnist_cluster_sparse_N50_K10_E8","algorithm":"scaffold","model":"cnn","output_file_name":"output.json","sample":"uniform","aggregate":"none","learning_rate_decay":0.998,"weight_decay":0,"lr_scheduler":-1,"num_rounds":5,"proportion":0.2,"num_epochs":8,"learning_rate":0.001,"batch_size":2,"optimizer":"SGD","momentum":0,"seed":0,"eval_interval":1,"num_threads":1,"num_threads_per_gpu":1,"num_gpus":2,"gpu":0,"net_drop":0,"net_active":99999,"capability":0,"learning_rate_lambda":0,"q":0.0,"epsilon":0.0,"eta":1.0,"tau":0,"alpha":0.5,"beta":1.0,"gamma":0.0,"mu":0.1,"dataidx_filename":"mnist\/cluster_sparse\/50client\/mnist_cluster_sparse.json","dataidx_path":"none","server_gpu_id":0,"load_model_path":null,"data_folder":".\/benchmark\/mnist\/data","log_folder":"fedtask","wandb":0,"neg_fct":1.0,"neg_mrg":5.0,"temp":1.0,"kd_fct":1.0,"sthr":0.975,"cpg":2,"se":4},"mean_curve":[0.11664646625518799,0.11664646625518799,0.11664646625518799,0.2876293185353279,0.2296343696117401,0.29850905045866966],"var_curve":[0.24717958857680977,0.24717958857680977,0.24717958857680977,0.278953124133044,0.25161848607944143,0.2919910720193965],"train_losses":[2.306702151623639,2.327093762701208,2.265576046976176,2.2449626971374856,2.200278159163215,2.1135117972438984],"test_accs":[0.1011,0.101,0.101,0.249,0.1924,0.2908],"test_losses":[2.3053805904388427,2.3323053752899168,2.283106848526001,2.2497487331390382,2.205390825653076,2.1221714988708498],"valid_accs":[[0.0,0.0,0.375,0.0,0.0,0.0,0.0,0.4444444477558136,0.0,0.0,0.0,0.0,0.625,0.0,0.0,0.0,0.0,0.7777777910232544,0.0,0.0,0.0,0.0,0.4545454680919647,0.0,0.0,0.0,0.0,0.6000000238418579,0.0,0.0,0.0,0.0,0.25,0.0,0.0,0.0,0.0,0.7777777910232544,0.0,0.0,0.0,0.0,0.75,0.0,0.0,0.0,0.0,0.7777777910232544,0.0,0.0],[0.0,0.0,0.375,0.0,0.0,0.0,0.0,0.4444444477558136,0.0,0.0,0.0,0.0,0.625,0.0,0.0,0.0,0.0,0.7777777910232544,0.0,0.0,0.0,0.0,0.4545454680919647,0.0,0.0,0.0,0.0,0.6000000238418579,0.0,0.0,0.0,0.0,0.25,0.0,0.0,0.0,0.0,0.7777777910232544,0.0,0.0,0.0,0.0,0.75,0.0,0.0,0.0,0.0,0.7777777910232544,0.0,0.0],[0.0,0.0,0.375,0.0,0.0,0.0,0.0,0.4444444477558136,0.0,0.0,0.0,0.0,0.625,0.0,0.0,0.0,0.0,0.7777777910232544,0.0,0.0,0.0,0.0,0.4545454680919647,0.0,0.0,0.0,0.0,0.6000000238418579,0.0,0.0,0.0,0.0,0.25,0.0,0.0,0.0,0.0,0.7777777910232544,0.0,0.0,0.0,0.0,0.75,0.0,0.0,0.0,0.0,0.7777777910232544,0.0,0.0],[0.0,0.0,0.375,0.4000000059604645,0.5,0.0,0.0,0.4444444477558136,0.6666666865348816,0.25,0.0,0.0,0.625,0.5833333134651184,0.125,0.0,0.0,0.6666666865348816,0.4000000059604645,0.0,0.0,0.0,0.4545454680919647,0.5,0.6000000238418579,0.0,0.0,0.6000000238418579,0.75,0.20000000298023224,0.0,0.0,0.25,0.5833333134651184,0.3076923191547394,0.0,0.0,0.7777777910232544,0.5,0.30000001192092896,0.0,0.0,0.75,0.6666666865348816,0.4444444477558136,0.0,0.0,0.7777777910232544,0.4545454680919647,0.4285714328289032],[0.0,0.0,0.375,0.10000000149011612,0.5,0.0,0.0,0.4444444477558136,0.2222222238779068,0.3333333432674408,0.0,0.0,0.625,0.1666666716337204,0.25,0.0,0.0,0.7777777910232544,0.30000001192092896,0.0,0.0,0.0,0.4545454680919647,0.0,0.6000000238418579,0.0,0.0,0.6000000238418579,0.25,0.20000000298023224,0.0,0.0,0.25,0.25,0.3076923191547394,0.0,0.0,0.7777777910232544,0.25,0.4000000059604645,0.0,0.0,0.75,0.3333333432674408,0.5555555820465088,0.0,0.1111111119389534,0.7777777910232544,0.09090909361839294,0.4285714328289032],[0.0,0.0,0.375,0.20000000298023224,0.75,0.0,0.0,0.4444444477558136,0.3333333432674408,0.75,0.0,0.0,0.625,0.25,0.5,0.0,0.0,0.6666666865348816,0.30000001192092896,0.20000000298023224,0.0,0.0,0.4545454680919647,0.3333333432674408,0.800000011920929,0.0,0.0,0.6000000238418579,0.5,0.20000000298023224,0.0,0.0,0.25,0.3333333432674408,0.38461539149284363,0.0,0.0,0.6666666865348816,0.25,0.800000011920929,0.0,0.0,0.75,0.3333333432674408,1.0,0.0,0.1111111119389534,0.6666666865348816,0.4545454680919647,0.6428571343421936]],"client_accs":{"0":[0.0,0.0,0.0,0.0,0.0,0.0],"1":[0.0,0.0,0.0,0.0,0.0,0.0],"2":[0.375,0.375,0.375,0.375,0.375,0.375],"3":[0.0,0.0,0.0,0.4000000059604645,0.10000000149011612,0.20000000298023224],"4":[0.0,0.0,0.0,0.5,0.5,0.75],"5":[0.0,0.0,0.0,0.0,0.0,0.0],"6":[0.0,0.0,0.0,0.0,0.0,0.0],"7":[0.4444444477558136,0.4444444477558136,0.4444444477558136,0.4444444477558136,0.4444444477558136,0.4444444477558136],"8":[0.0,0.0,0.0,0.6666666865348816,0.2222222238779068,0.3333333432674408],"9":[0.0,0.0,0.0,0.25,0.3333333432674408,0.75],"10":[0.0,0.0,0.0,0.0,0.0,0.0],"11":[0.0,0.0,0.0,0.0,0.0,0.0],"12":[0.625,0.625,0.625,0.625,0.625,0.625],"13":[0.0,0.0,0.0,0.5833333134651184,0.1666666716337204,0.25],"14":[0.0,0.0,0.0,0.125,0.25,0.5],"15":[0.0,0.0,0.0,0.0,0.0,0.0],"16":[0.0,0.0,0.0,0.0,0.0,0.0],"17":[0.7777777910232544,0.7777777910232544,0.7777777910232544,0.6666666865348816,0.7777777910232544,0.6666666865348816],"18":[0.0,0.0,0.0,0.4000000059604645,0.30000001192092896,0.30000001192092896],"19":[0.0,0.0,0.0,0.0,0.0,0.20000000298023224],"20":[0.0,0.0,0.0,0.0,0.0,0.0],"21":[0.0,0.0,0.0,0.0,0.0,0.0],"22":[0.4545454680919647,0.4545454680919647,0.4545454680919647,0.4545454680919647,0.4545454680919647,0.4545454680919647],"23":[0.0,0.0,0.0,0.5,0.0,0.3333333432674408],"24":[0.0,0.0,0.0,0.6000000238418579,0.6000000238418579,0.800000011920929],"25":[0.0,0.0,0.0,0.0,0.0,0.0],"26":[0.0,0.0,0.0,0.0,0.0,0.0],"27":[0.6000000238418579,0.6000000238418579,0.6000000238418579,0.6000000238418579,0.6000000238418579,0.6000000238418579],"28":[0.0,0.0,0.0,0.75,0.25,0.5],"29":[0.0,0.0,0.0,0.20000000298023224,0.20000000298023224,0.20000000298023224],"30":[0.0,0.0,0.0,0.0,0.0,0.0],"31":[0.0,0.0,0.0,0.0,0.0,0.0],"32":[0.25,0.25,0.25,0.25,0.25,0.25],"33":[0.0,0.0,0.0,0.5833333134651184,0.25,0.3333333432674408],"34":[0.0,0.0,0.0,0.3076923191547394,0.3076923191547394,0.38461539149284363],"35":[0.0,0.0,0.0,0.0,0.0,0.0],"36":[0.0,0.0,0.0,0.0,0.0,0.0],"37":[0.7777777910232544,0.7777777910232544,0.7777777910232544,0.7777777910232544,0.7777777910232544,0.6666666865348816],"38":[0.0,0.0,0.0,0.5,0.25,0.25],"39":[0.0,0.0,0.0,0.30000001192092896,0.4000000059604645,0.800000011920929],"40":[0.0,0.0,0.0,0.0,0.0,0.0],"41":[0.0,0.0,0.0,0.0,0.0,0.0],"42":[0.75,0.75,0.75,0.75,0.75,0.75],"43":[0.0,0.0,0.0,0.6666666865348816,0.3333333432674408,0.3333333432674408],"44":[0.0,0.0,0.0,0.4444444477558136,0.5555555820465088,1.0],"45":[0.0,0.0,0.0,0.0,0.0,0.0],"46":[0.0,0.0,0.0,0.0,0.1111111119389534,0.1111111119389534],"47":[0.7777777910232544,0.7777777910232544,0.7777777910232544,0.7777777910232544,0.7777777910232544,0.6666666865348816],"48":[0.0,0.0,0.0,0.4545454680919647,0.09090909361839294,0.4545454680919647],"49":[0.0,0.0,0.0,0.4285714328289032,0.4285714328289032,0.6428571343421936]},"mean_valid_accs":[0.11136363785375249,0.11136363785375249,0.11136363785375249,0.2795454574918205,0.22272727663882755,0.29318182192404163]}