{"meta":{"task":"mnist_cluster_sparse_N50_K10_E8","algorithm":"scaffold_with_random","model":"cnn","output_file_name":"output.json","sample":"uniform","aggregate":"none","learning_rate_decay":0.998,"weight_decay":0,"lr_scheduler":-1,"num_rounds":5,"proportion":0.2,"num_epochs":8,"learning_rate":0.001,"batch_size":2,"optimizer":"SGD","momentum":0,"seed":0,"eval_interval":1,"num_threads":1,"num_threads_per_gpu":1,"num_gpus":2,"gpu":0,"net_drop":0,"net_active":99999,"capability":0,"learning_rate_lambda":0,"q":0.0,"epsilon":0.0,"eta":1.0,"tau":0,"alpha":0.5,"beta":1.0,"gamma":0.0,"mu":0.1,"dataidx_filename":"mnist\/cluster_sparse\/50client\/mnist_cluster_sparse.json","dataidx_path":"none","server_gpu_id":0,"load_model_path":null,"data_folder":".\/benchmark\/mnist\/data","log_folder":"fedtask","wandb":0,"neg_fct":1.0,"neg_mrg":5.0,"temp":1.0,"kd_fct":1.0,"sthr":0.975,"cpg":2,"se":4},"mean_curve":[0.11664646625518799,0.1395031100511551,0.2819316257536411,0.2853096377849579,0.2872439807653427,0.3785282525420189],"var_curve":[0.24717958857680977,0.24508557649180326,0.31982793335469545,0.3446681154362785,0.37534518702230757,0.35905971935484715],"train_losses":[2.29874802719463,2.262800898877057,2.222838466546752,2.199948513236913,2.399982166019353,6.083658294718374],"test_accs":[0.1029,0.1129,0.2776,0.2818,0.2751,0.3586],"test_losses":[2.2966213455200197,2.268342512893677,2.2365790073394773,2.2368687728881835,2.5183681522369383,6.532738729476929],"valid_accs":[[0.0,0.0,0.375,0.0,0.0,0.0,0.0,0.4444444477558136,0.0,0.0,0.0,0.0,0.625,0.0,0.0,0.0,0.0,0.7777777910232544,0.0,0.0,0.0,0.0,0.4545454680919647,0.0,0.0,0.0,0.0,0.6000000238418579,0.0,0.0,0.0,0.0,0.25,0.0,0.0,0.0,0.0,0.7777777910232544,0.0,0.0,0.0,0.0,0.75,0.0,0.0,0.0,0.0,0.7777777910232544,0.0,0.0],[0.0,0.0,0.375,0.0,0.0,0.0,0.0,0.4444444477558136,0.0,0.0,0.0,0.0,0.625,0.1666666716337204,0.0,0.0,0.0,0.7777777910232544,0.10000000149011612,0.0,0.0,0.0,0.4545454680919647,0.0,0.0,0.0,0.0,0.6000000238418579,0.125,0.0,0.0,0.0,0.25,0.0,0.07692307978868484,0.0,0.0,0.7777777910232544,0.25,0.0,0.0,0.0,0.75,0.3333333432674408,0.0,0.0,0.0,0.7777777910232544,0.09090909361839294,0.0],[0.0,0.0,0.125,0.8999999761581421,0.5,0.0,0.0,0.1111111119389534,0.6666666865348816,0.4166666567325592,0.0,0.0,0.25,0.6666666865348816,0.25,0.0,0.0,0.2222222238779068,0.8999999761581421,0.20000000298023224,0.0,0.0,0.27272728085517883,1.0,0.6000000238418579,0.0,0.0,0.20000000298023224,0.75,0.20000000298023224,0.0,0.0,0.125,0.8333333134651184,0.3076923191547394,0.0,0.0,0.3333333432674408,0.75,0.4000000059604645,0.0,0.0,0.0,1.0,0.5555555820465088,0.0,0.0,0.3333333432674408,0.7272727489471436,0.5],[0.0,0.0,0.0,0.800000011920929,0.5,0.0,0.0,0.0,0.7777777910232544,0.4166666567325592,0.0,0.0,0.125,0.6666666865348816,0.5,0.0,0.0,0.0,0.8999999761581421,0.4000000059604645,0.0,0.0,0.1818181872367859,1.0,0.6000000238418579,0.0,0.0,0.20000000298023224,0.75,0.4000000059604645,0.0,0.0,0.0,0.75,0.5384615659713745,0.0,0.0,0.0,0.75,0.6000000238418579,0.0,0.0,0.0,1.0,0.7777777910232544,0.0,0.0,0.2222222238779068,0.9090909361839294,0.5],[0.0,0.0,0.0,0.800000011920929,0.5,0.0,0.0,0.0,0.7777777910232544,0.4166666567325592,0.0,0.0,0.0,0.9166666865348816,0.625,0.0,0.0,0.0,0.8999999761581421,0.4000000059604645,0.0,0.0,0.0,1.0,0.6000000238418579,0.0,0.0,0.0,0.875,0.4000000059604645,0.0,0.0,0.0,0.9166666865348816,0.5384615659713745,0.0,0.0,0.0,1.0,0.6000000238418579,0.0,0.0,0.0,1.0,0.7777777910232544,0.0,0.0,0.0,0.8181818127632141,0.5],[0.25,0.0,0.0,0.699999988079071,0.5,0.8571428656578064,0.0,0.0,0.7777777910232544,0.5,0.2222222238779068,0.0,0.0,0.9166666865348816,0.625,0.75,0.0,0.0,0.8999999761581421,0.4000000059604645,0.8181818127632141,0.0,0.0,1.0,0.6000000238418579,0.4000000059604645,0.0,0.0,0.875,0.6000000238418579,0.20000000298023224,0.0,0.0,0.9166666865348816,0.5384615659713745,0.3333333432674408,0.0,0.0,0.75,0.6000000238418579,0.800000011920929,0.0,0.0,0.8333333134651184,0.7777777910232544,0.1666666716337204,0.0,0.0,0.8181818127632141,0.5]],"client_accs":{"0":[0.0,0.0,0.0,0.0,0.0,0.25],"1":[0.0,0.0,0.0,0.0,0.0,0.0],"2":[0.375,0.375,0.125,0.0,0.0,0.0],"3":[0.0,0.0,0.8999999761581421,0.800000011920929,0.800000011920929,0.699999988079071],"4":[0.0,0.0,0.5,0.5,0.5,0.5],"5":[0.0,0.0,0.0,0.0,0.0,0.8571428656578064],"6":[0.0,0.0,0.0,0.0,0.0,0.0],"7":[0.4444444477558136,0.4444444477558136,0.1111111119389534,0.0,0.0,0.0],"8":[0.0,0.0,0.6666666865348816,0.7777777910232544,0.7777777910232544,0.7777777910232544],"9":[0.0,0.0,0.4166666567325592,0.4166666567325592,0.4166666567325592,0.5],"10":[0.0,0.0,0.0,0.0,0.0,0.2222222238779068],"11":[0.0,0.0,0.0,0.0,0.0,0.0],"12":[0.625,0.625,0.25,0.125,0.0,0.0],"13":[0.0,0.1666666716337204,0.6666666865348816,0.6666666865348816,0.9166666865348816,0.9166666865348816],"14":[0.0,0.0,0.25,0.5,0.625,0.625],"15":[0.0,0.0,0.0,0.0,0.0,0.75],"16":[0.0,0.0,0.0,0.0,0.0,0.0],"17":[0.7777777910232544,0.7777777910232544,0.2222222238779068,0.0,0.0,0.0],"18":[0.0,0.10000000149011612,0.8999999761581421,0.8999999761581421,0.8999999761581421,0.8999999761581421],"19":[0.0,0.0,0.20000000298023224,0.4000000059604645,0.4000000059604645,0.4000000059604645],"20":[0.0,0.0,0.0,0.0,0.0,0.8181818127632141],"21":[0.0,0.0,0.0,0.0,0.0,0.0],"22":[0.4545454680919647,0.4545454680919647,0.27272728085517883,0.1818181872367859,0.0,0.0],"23":[0.0,0.0,1.0,1.0,1.0,1.0],"24":[0.0,0.0,0.6000000238418579,0.6000000238418579,0.6000000238418579,0.6000000238418579],"25":[0.0,0.0,0.0,0.0,0.0,0.4000000059604645],"26":[0.0,0.0,0.0,0.0,0.0,0.0],"27":[0.6000000238418579,0.6000000238418579,0.20000000298023224,0.20000000298023224,0.0,0.0],"28":[0.0,0.125,0.75,0.75,0.875,0.875],"29":[0.0,0.0,0.20000000298023224,0.4000000059604645,0.4000000059604645,0.6000000238418579],"30":[0.0,0.0,0.0,0.0,0.0,0.20000000298023224],"31":[0.0,0.0,0.0,0.0,0.0,0.0],"32":[0.25,0.25,0.125,0.0,0.0,0.0],"33":[0.0,0.0,0.8333333134651184,0.75,0.9166666865348816,0.9166666865348816],"34":[0.0,0.07692307978868484,0.3076923191547394,0.5384615659713745,0.5384615659713745,0.5384615659713745],"35":[0.0,0.0,0.0,0.0,0.0,0.3333333432674408],"36":[0.0,0.0,0.0,0.0,0.0,0.0],"37":[0.7777777910232544,0.7777777910232544,0.3333333432674408,0.0,0.0,0.0],"38":[0.0,0.25,0.75,0.75,1.0,0.75],"39":[0.0,0.0,0.4000000059604645,0.6000000238418579,0.6000000238418579,0.6000000238418579],"40":[0.0,0.0,0.0,0.0,0.0,0.800000011920929],"41":[0.0,0.0,0.0,0.0,0.0,0.0],"42":[0.75,0.75,0.0,0.0,0.0,0.0],"43":[0.0,0.3333333432674408,1.0,1.0,1.0,0.8333333134651184],"44":[0.0,0.0,0.5555555820465088,0.7777777910232544,0.7777777910232544,0.7777777910232544],"45":[0.0,0.0,0.0,0.0,0.0,0.1666666716337204],"46":[0.0,0.0,0.0,0.0,0.0,0.0],"47":[0.7777777910232544,0.7777777910232544,0.3333333432674408,0.2222222238779068,0.0,0.0],"48":[0.0,0.09090909361839294,0.7272727489471436,0.9090909361839294,0.8181818127632141,0.8181818127632141],"49":[0.0,0.0,0.5,0.5,0.5,0.5]},"mean_valid_accs":[0.11136363785375249,0.13181818376549265,0.27727272891524163,0.27954545772888445,0.28181818452748386,0.3727272758091038]}