{"meta":{"task":"mnist_cluster_sparse_N50_K10_E8","algorithm":"scaffold_with_cluster","model":"cnn","output_file_name":"output.json","sample":"uniform","aggregate":"none","learning_rate_decay":0.998,"weight_decay":0,"lr_scheduler":-1,"num_rounds":5,"proportion":0.2,"num_epochs":8,"learning_rate":0.001,"batch_size":2,"optimizer":"SGD","momentum":0,"seed":0,"eval_interval":1,"num_threads":1,"num_threads_per_gpu":1,"num_gpus":2,"gpu":0,"net_drop":0,"net_active":99999,"capability":0,"learning_rate_lambda":0,"q":0.0,"epsilon":0.0,"eta":1.0,"tau":0,"alpha":0.5,"beta":1.0,"gamma":0.0,"mu":0.1,"dataidx_filename":"mnist\/cluster_sparse\/50client\/mnist_cluster_sparse.json","dataidx_path":"none","server_gpu_id":0,"load_model_path":null,"data_folder":".\/benchmark\/mnist\/data","log_folder":"fedtask","wandb":0,"neg_fct":1.0,"neg_mrg":5.0,"temp":1.0,"kd_fct":1.0,"sthr":0.975,"cpg":2,"se":4},"mean_curve":[0.12068687081336975,0.11914646625518799,0.24268182188272477,0.22047474950551987,0.2464841289818287,0.36816250771284104],"var_curve":[0.253336201500488,0.25287500208151265,0.314214826943245,0.2929661522285271,0.3143038304223323,0.32997193158905275],"train_losses":[2.301076570966027,2.2676034060391514,2.217614456198432,2.18273486467925,2.1566971613602206,2.2936654937538234],"test_accs":[0.1048,0.1058,0.2065,0.1884,0.2176,0.3559],"test_losses":[2.2989004928588868,2.2722348468780518,2.2304073177337647,2.2073449981689452,2.213589251899719,2.458211614990234],"valid_accs":[[0.0,0.0,0.375,0.0,0.0,0.0,0.0,0.5555555820465088,0.0,0.0,0.0,0.0,0.625,0.0,0.0,0.0,0.0,0.7777777910232544,0.0,0.0,0.0,0.0,0.5454545617103577,0.0,0.0,0.0,0.0,0.6000000238418579,0.0,0.0,0.0,0.0,0.25,0.0,0.0,0.0,0.0,0.7777777910232544,0.0,0.0,0.0,0.0,0.75,0.0,0.0,0.0,0.0,0.7777777910232544,0.0,0.0],[0.0,0.0,0.375,0.0,0.0,0.0,0.0,0.4444444477558136,0.0,0.0,0.0,0.0,0.75,0.0,0.0,0.0,0.0,0.7777777910232544,0.0,0.0,0.0,0.0,0.4545454680919647,0.0,0.0,0.0,0.0,0.6000000238418579,0.0,0.0,0.0,0.0,0.25,0.0,0.0,0.0,0.0,0.7777777910232544,0.0,0.0,0.0,0.0,0.75,0.0,0.0,0.0,0.0,0.7777777910232544,0.0,0.0],[0.0,0.0,0.375,0.20000000298023224,0.0,0.0,0.0,0.4444444477558136,0.5555555820465088,0.0833333358168602,0.0,0.0,0.625,0.5,0.0,0.0,0.0,0.6666666865348816,0.800000011920929,0.0,0.0,0.0,0.4545454680919647,1.0,0.0,0.0,0.0,0.6000000238418579,0.625,0.0,0.0,0.0,0.25,0.6666666865348816,0.0,0.0,0.0,0.7777777910232544,0.75,0.0,0.0,0.0,0.75,0.6666666865348816,0.1111111119389534,0.0,0.0,0.7777777910232544,0.4545454680919647,0.0],[0.0,0.0,0.375,0.20000000298023224,0.0,0.0,0.0,0.4444444477558136,0.4444444477558136,0.0,0.0,0.0,0.625,0.5,0.0,0.0,0.0,0.7777777910232544,0.6000000238418579,0.0,0.0,0.0,0.4545454680919647,0.8333333134651184,0.0,0.0,0.0,0.6000000238418579,0.5,0.0,0.0,0.0,0.25,0.5,0.0,0.0,0.0,0.7777777910232544,0.75,0.0,0.0,0.0,0.75,0.5,0.0,0.0,0.0,0.7777777910232544,0.3636363744735718,0.0],[0.0,0.0,0.375,0.5,0.0,0.0,0.0,0.4444444477558136,0.7777777910232544,0.0,0.0,0.0,0.625,0.5833333134651184,0.0,0.0,0.0,0.6666666865348816,0.5,0.0,0.0,0.0,0.4545454680919647,0.8333333134651184,0.0,0.0,0.0,0.6000000238418579,0.625,0.0,0.0,0.0,0.25,0.75,0.0,0.0,0.0,0.7777777910232544,0.75,0.0,0.0,0.0,0.75,0.6666666865348816,0.0,0.0,0.0,0.7777777910232544,0.5454545617103577,0.0714285746216774],[0.0,0.0,0.375,0.699999988079071,0.5,0.0,0.1428571492433548,0.4444444477558136,0.8888888955116272,0.4166666567325592,0.0,0.0,0.625,0.8333333134651184,0.25,0.0,0.0,0.6666666865348816,0.800000011920929,0.20000000298023224,0.0,0.1666666716337204,0.3636363744735718,0.8333333134651184,0.6000000238418579,0.0,0.0,0.6000000238418579,1.0,0.20000000298023224,0.10000000149011612,0.0,0.25,0.9166666865348816,0.3076923191547394,0.0,0.0,0.7777777910232544,0.75,0.5,0.0,0.1111111119389534,0.75,0.6666666865348816,0.6666666865348816,0.0,0.0,0.7777777910232544,0.7272727489471436,0.5]],"client_accs":{"0":[0.0,0.0,0.0,0.0,0.0,0.0],"1":[0.0,0.0,0.0,0.0,0.0,0.0],"2":[0.375,0.375,0.375,0.375,0.375,0.375],"3":[0.0,0.0,0.20000000298023224,0.20000000298023224,0.5,0.699999988079071],"4":[0.0,0.0,0.0,0.0,0.0,0.5],"5":[0.0,0.0,0.0,0.0,0.0,0.0],"6":[0.0,0.0,0.0,0.0,0.0,0.1428571492433548],"7":[0.5555555820465088,0.4444444477558136,0.4444444477558136,0.4444444477558136,0.4444444477558136,0.4444444477558136],"8":[0.0,0.0,0.5555555820465088,0.4444444477558136,0.7777777910232544,0.8888888955116272],"9":[0.0,0.0,0.0833333358168602,0.0,0.0,0.4166666567325592],"10":[0.0,0.0,0.0,0.0,0.0,0.0],"11":[0.0,0.0,0.0,0.0,0.0,0.0],"12":[0.625,0.75,0.625,0.625,0.625,0.625],"13":[0.0,0.0,0.5,0.5,0.5833333134651184,0.8333333134651184],"14":[0.0,0.0,0.0,0.0,0.0,0.25],"15":[0.0,0.0,0.0,0.0,0.0,0.0],"16":[0.0,0.0,0.0,0.0,0.0,0.0],"17":[0.7777777910232544,0.7777777910232544,0.6666666865348816,0.7777777910232544,0.6666666865348816,0.6666666865348816],"18":[0.0,0.0,0.800000011920929,0.6000000238418579,0.5,0.800000011920929],"19":[0.0,0.0,0.0,0.0,0.0,0.20000000298023224],"20":[0.0,0.0,0.0,0.0,0.0,0.0],"21":[0.0,0.0,0.0,0.0,0.0,0.1666666716337204],"22":[0.5454545617103577,0.4545454680919647,0.4545454680919647,0.4545454680919647,0.4545454680919647,0.3636363744735718],"23":[0.0,0.0,1.0,0.8333333134651184,0.8333333134651184,0.8333333134651184],"24":[0.0,0.0,0.0,0.0,0.0,0.6000000238418579],"25":[0.0,0.0,0.0,0.0,0.0,0.0],"26":[0.0,0.0,0.0,0.0,0.0,0.0],"27":[0.6000000238418579,0.6000000238418579,0.6000000238418579,0.6000000238418579,0.6000000238418579,0.6000000238418579],"28":[0.0,0.0,0.625,0.5,0.625,1.0],"29":[0.0,0.0,0.0,0.0,0.0,0.20000000298023224],"30":[0.0,0.0,0.0,0.0,0.0,0.10000000149011612],"31":[0.0,0.0,0.0,0.0,0.0,0.0],"32":[0.25,0.25,0.25,0.25,0.25,0.25],"33":[0.0,0.0,0.6666666865348816,0.5,0.75,0.9166666865348816],"34":[0.0,0.0,0.0,0.0,0.0,0.3076923191547394],"35":[0.0,0.0,0.0,0.0,0.0,0.0],"36":[0.0,0.0,0.0,0.0,0.0,0.0],"37":[0.7777777910232544,0.7777777910232544,0.7777777910232544,0.7777777910232544,0.7777777910232544,0.7777777910232544],"38":[0.0,0.0,0.75,0.75,0.75,0.75],"39":[0.0,0.0,0.0,0.0,0.0,0.5],"40":[0.0,0.0,0.0,0.0,0.0,0.0],"41":[0.0,0.0,0.0,0.0,0.0,0.1111111119389534],"42":[0.75,0.75,0.75,0.75,0.75,0.75],"43":[0.0,0.0,0.6666666865348816,0.5,0.6666666865348816,0.6666666865348816],"44":[0.0,0.0,0.1111111119389534,0.0,0.0,0.6666666865348816],"45":[0.0,0.0,0.0,0.0,0.0,0.0],"46":[0.0,0.0,0.0,0.0,0.0,0.0],"47":[0.7777777910232544,0.7777777910232544,0.7777777910232544,0.7777777910232544,0.7777777910232544,0.7777777910232544],"48":[0.0,0.0,0.4545454680919647,0.3636363744735718,0.5454545617103577,0.7272727489471436],"49":[0.0,0.0,0.0,0.0,0.0714285746216774,0.5]},"mean_valid_accs":[0.11590909294106744,0.11363636512647976,0.23181818556040526,0.20909091125835072,0.2386363654990088,0.36363636697219176]}