{"meta":{"task":"mnist_cluster_sparse_scaffold_N50_K10_E8","algorithm":"scaffold_with_cluster","model":"cnn","output_file_name":"output.json","sample":"uniform","aggregate":"none","learning_rate_decay":0.998,"weight_decay":0,"lr_scheduler":-1,"num_rounds":5,"proportion":1.0,"num_epochs":8,"learning_rate":0.001,"batch_size":2,"optimizer":"SGD","momentum":0,"seed":0,"eval_interval":1,"num_threads":1,"num_threads_per_gpu":1,"num_gpus":2,"gpu":0,"net_drop":0,"net_active":99999,"capability":0,"learning_rate_lambda":0,"q":0.0,"epsilon":0.0,"eta":1.0,"tau":0,"alpha":0.5,"beta":1.0,"gamma":0.0,"mu":0.1,"dataidx_filename":"mnist\/cluster_sparse\/10client\/mnist_cluster_sparse.json","dataidx_path":"none","server_gpu_id":0,"load_model_path":null,"data_folder":".\/benchmark\/mnist\/data","log_folder":"fedtask","wandb":0,"neg_fct":1.0,"neg_mrg":5.0,"temp":1.0,"kd_fct":1.0,"sthr":0.975,"cpg":2,"se":4},"mean_curve":[0.13575757592916488,0.32763348519802094,0.47485570758581164,0.5496609061956406,0.5279942408204079,0.5351370975375176],"var_curve":[0.22399576705675078,0.20131998045571223,0.18597815985007055,0.14600925623637015,0.17693723803352523,0.1909662095217494],"train_losses":[2.266148437624392,2.2187674848929695,2.172068979429162,2.1236290828041406,2.0770954191684723,2.0264502893323484],"test_accs":[0.1175,0.2344,0.3432,0.3768,0.3634,0.3517],"test_losses":[2.288725486755371,2.2687026145935056,2.2473538063049316,2.2248556179046632,2.1985904472351074,2.1703854831695555],"valid_accs":[[0.0,0.0,0.0,0.699999988079071,0.09090909361839294,0.0,0.0,0.1666666716337204,0.4000000059604645,0.0],[0.1666666716337204,0.2857142984867096,0.2857142984867096,0.699999988079071,0.3636363744735718,0.2222222238779068,0.0,0.6666666865348816,0.30000001192092896,0.2857142984867096],[0.4166666567325592,0.4285714328289032,0.5714285969734192,0.699999988079071,0.3636363744735718,0.7777777910232544,0.1666666716337204,0.6666666865348816,0.30000001192092896,0.3571428656578064],[0.4166666567325592,0.5714285969734192,0.7142857313156128,0.5,0.4545454680919647,0.7777777910232544,0.6666666865348816,0.6666666865348816,0.30000001192092896,0.4285714328289032],[0.5,0.5714285969734192,0.7142857313156128,0.30000001192092896,0.4545454680919647,0.7777777910232544,0.6666666865348816,0.6666666865348816,0.20000000298023224,0.4285714328289032],[0.5,0.7142857313156128,0.7142857313156128,0.30000001192092896,0.4545454680919647,0.7777777910232544,0.6666666865348816,0.6666666865348816,0.20000000298023224,0.3571428656578064]],"client_accs":{"0":[0.0,0.1666666716337204,0.4166666567325592,0.4166666567325592,0.5,0.5],"1":[0.0,0.2857142984867096,0.4285714328289032,0.5714285969734192,0.5714285969734192,0.7142857313156128],"2":[0.0,0.2857142984867096,0.5714285969734192,0.7142857313156128,0.7142857313156128,0.7142857313156128],"3":[0.699999988079071,0.699999988079071,0.699999988079071,0.5,0.30000001192092896,0.30000001192092896],"4":[0.09090909361839294,0.3636363744735718,0.3636363744735718,0.4545454680919647,0.4545454680919647,0.4545454680919647],"5":[0.0,0.2222222238779068,0.7777777910232544,0.7777777910232544,0.7777777910232544,0.7777777910232544],"6":[0.0,0.0,0.1666666716337204,0.6666666865348816,0.6666666865348816,0.6666666865348816],"7":[0.1666666716337204,0.6666666865348816,0.6666666865348816,0.6666666865348816,0.6666666865348816,0.6666666865348816],"8":[0.4000000059604645,0.30000001192092896,0.30000001192092896,0.30000001192092896,0.20000000298023224,0.20000000298023224],"9":[0.0,0.2857142984867096,0.3571428656578064,0.4285714328289032,0.4285714328289032,0.3571428656578064]},"mean_valid_accs":[0.14130434782608695,0.32608696381035057,0.4673913108265918,0.5217391398289929,0.5000000110139018,0.5000000110139018]}