{"meta":{"task":"mnist_cluster_sparse_N10_K10","algorithm":"mp_fedavg","model":"cnn","output_file_name":"output.json","sample":"uniform","aggregate":"none","learning_rate_decay":0.998,"weight_decay":0,"lr_scheduler":-1,"num_rounds":50,"proportion":1.0,"num_epochs":8,"learning_rate":0.001,"batch_size":2,"optimizer":"SGD","momentum":0,"seed":0,"eval_interval":1,"num_threads":1,"num_threads_per_gpu":1,"num_gpus":2,"gpu":0,"net_drop":0,"net_active":99999,"capability":0,"learning_rate_lambda":0,"q":0.0,"epsilon":0.0,"eta":1.0,"tau":0,"alpha":0.5,"beta":1.0,"gamma":0.0,"mu":0.1,"dataidx_filename":"mnist\/cluster_sparse\/10client\/mnist_sparse.json","dataidx_path":"none","server_gpu_id":0,"load_model_path":null,"data_folder":".\/benchmark\/mnist\/data","log_folder":"fedtask","wandb":0,"neg_fct":1.0,"neg_mrg":5.0,"temp":1.0,"kd_fct":1.0,"sthr":0.975,"cpg":2,"se":4},"mean_curve":[0.18428571969270707,0.22095238864421846,0.2166666716337204,0.26571428775787354,0.26571428775787354,0.27142857313156127,0.27142857313156127,0.28571428656578063,0.30428571701049806,0.3242857173085213,0.369523811340332,0.3861904785037041,0.4061904788017273,0.4204761922359467,0.4204761922359467,0.4604761928319931,0.49380952715873716,0.5438095271587372,0.5604761898517608,0.5804761901497841,0.6004761904478073,0.6004761904478073,0.6488095223903656,0.6738095223903656,0.6738095223903656,0.6904761910438537,0.6904761910438537,0.6904761910438537,0.6904761910438537,0.6904761910438537,0.6904761910438537,0.7104761928319931,0.7304761916399002,0.7304761916399002,0.7554761916399002,0.7554761916399002,0.7754761904478074,0.7754761904478074,0.7754761904478074,0.7897619038820267,0.7997619062662125,0.7997619062662125,0.7997619062662125,0.7997619062662125,0.7997619062662125,0.7997619062662125,0.7997619062662125,0.7997619062662125,0.7997619062662125,0.7997619062662125,0.7997619062662125],"var_curve":[0.24565199352814615,0.27736369230775915,0.27114647691664434,0.3607362108190394,0.3607362108190394,0.3909694911721909,0.3909694911721909,0.39382996465430453,0.3920667372013021,0.3809788677409481,0.3914980814968981,0.3860166357896456,0.38100029407039476,0.39471594790730535,0.39471594790730535,0.41056374052644734,0.4124153190747576,0.36153207698855766,0.37054106272997345,0.3442116083867687,0.326898430314266,0.326898430314266,0.2251108267101797,0.22104164354850034,0.22104164354850034,0.23806904274821436,0.23806904274821436,0.23806904274821436,0.23806904274821436,0.23806904274821436,0.23806904274821436,0.2205851792768996,0.2363022924932903,0.2363022924932903,0.24987989886261264,0.24987989886261264,0.2445831496346354,0.2445831496346354,0.2445831496346354,0.2529643947247739,0.2590284683172935,0.2590284683172935,0.2590284683172935,0.2590284683172935,0.2590284683172935,0.2590284683172935,0.2590284683172935,0.2590284683172935,0.2590284683172935,0.2590284683172935,0.2590284683172935],"train_losses":[2.259311037548518,2.2197613877765203,2.185012102127075,2.1543991969803633,2.1209166979385636,2.080215714745602,2.0337088027242887,1.9820162522590767,1.9271263308444266,1.8701563184544192,1.8125182733697407,1.7550452624337147,1.6983791125022758,1.6426678330211315,1.5886649317660575,1.5364639132709828,1.4861138937836986,1.437751713445631,1.3913139084638175,1.3470857244426921,1.3048078973414534,1.264757029080795,1.2267826290453894,1.1907130227250569,1.1565063383619665,1.124058960858038,1.0932681075597213,1.0639978869486664,1.0363567340171944,1.01012813135729,0.9853407326391188,0.9619049015691725,0.9396204059406862,0.9184673125460997,0.8984268024816351,0.8793890809608718,0.8612964971590851,0.8440188644296032,0.8275242569082875,0.8118263149665574,0.7968139820179697,0.7824671046208527,0.768732572005967,0.7555851279678991,0.7429467459856454,0.7308613001290014,0.7192030892533771,0.7080524816351422,0.6972791481826265,0.6869039288011648,0.676844872155432],"test_accs":[0.1239,0.1434,0.1474,0.1646,0.1779,0.1902,0.1976,0.2033,0.2172,0.2345,0.2613,0.2874,0.3069,0.3236,0.3392,0.3504,0.3689,0.3916,0.4107,0.4261,0.4396,0.4508,0.4591,0.4661,0.4712,0.4773,0.4837,0.4878,0.4917,0.497,0.4994,0.5027,0.506,0.5087,0.512,0.5155,0.5169,0.5207,0.5226,0.5256,0.5286,0.5303,0.5328,0.535,0.5366,0.5387,0.5408,0.5432,0.5445,0.5461,0.5476],"test_losses":[2.298437907409668,2.294298283004761,2.297896672821045,2.302164197921753,2.297001797103882,2.2775635051727297,2.2475724254608154,2.2109781604766847,2.1715361583709716,2.1313509857177735,2.0910835372924805,2.051890061187744,2.013624573135376,1.976133152770996,1.9402348459243774,1.905972338294983,1.8732617561340332,1.841871325492859,1.8118882711410522,1.7834836727142334,1.75639591255188,1.7311047798156738,1.7073088581085205,1.6849047939300537,1.6636704738616943,1.643618111038208,1.6248979581832885,1.6074097024917602,1.5910183181762696,1.5754887544631957,1.5611657165527344,1.547890674972534,1.5352221939086914,1.5233247135162353,1.512193323135376,1.5018778009414673,1.492044003868103,1.4827003652572632,1.4738955581665039,1.4656189456939697,1.4578696462631227,1.4504923168182373,1.4434299436569213,1.4366981786727906,1.430451922607422,1.4244319667816163,1.418771199798584,1.4134491096496582,1.4083690822601318,1.4034721927642821,1.3988442398071288],