{"meta":{"task":"mnist_cluster_sparse_N10_K10","algorithm":"mp_proposal_4_v3_clustering","model":"cnn","output_file_name":"output.json","sample":"uniform","aggregate":"none","learning_rate_decay":0.998,"weight_decay":0,"lr_scheduler":-1,"num_rounds":5,"proportion":1.0,"num_epochs":8,"learning_rate":0.001,"batch_size":2,"optimizer":"SGD","momentum":0,"seed":0,"eval_interval":1,"num_threads":1,"num_threads_per_gpu":1,"num_gpus":2,"gpu":0,"net_drop":0,"net_active":99999,"capability":0,"learning_rate_lambda":0,"q":0.0,"epsilon":0.0,"eta":1.0,"tau":0,"alpha":0.5,"beta":1.0,"gamma":0.0,"mu":0.1,"dataidx_filename":"mnist\/cluster_sparse\/10client\/mnist_sparse.json","dataidx_path":"none","server_gpu_id":0,"load_model_path":null,"data_folder":".\/benchmark\/mnist\/data","log_folder":"fedtask","wandb":0,"neg_fct":1.0,"neg_mrg":5.0,"temp":1.0,"kd_fct":1.0,"sthr":0.975,"cpg":2,"se":4},"mean_curve":[0.15761905387043953,0.18428571969270707,0.18428571969270707,0.21095238924026488,0.22095238864421846,0.2166666716337204],"var_curve":[0.22928906198939544,0.24565199352814615,0.24565199352814615,0.27248791821000323,0.27736369230775915,0.27114647691664434],"train_losses":[2.269786592257225,2.2424104011664956,2.212513673103462,2.1860608529236356,2.1566397416389593,2.1228763046911205],"test_accs":[0.1143,0.1391,0.1477,0.1509,0.1505,0.1511],"test_losses":[2.2975227462768553,2.286558807373047,2.276267864608765,2.2677760025024414,2.2538676670074462,2.241463441848755],"valid_accs":[[0.0,0.5714285969734192,0.3333333432674408,0.0,0.0,0.0,0.5714285969734192,0.10000000149011612,0.0,0.0],[0.0,0.5714285969734192,0.5,0.0,0.0,0.0,0.5714285969734192,0.20000000298023224,0.0,0.0],[0.0,0.5714285969734192,0.5,0.0,0.0,0.0,0.5714285969734192,0.20000000298023224,0.0,0.0],[0.0,0.5714285969734192,0.6666666865348816,0.0,0.0,0.0,0.5714285969734192,0.30000001192092896,0.0,0.0],[0.0,0.5714285969734192,0.6666666865348816,0.0,0.0,0.0,0.5714285969734192,0.4000000059604645,0.0,0.0],[0.0,0.5714285969734192,0.6666666865348816,0.0,0.0,0.0,0.4285714328289032,0.5,0.0,0.0]],"client_accs":{"0":[0.0,0.0,0.0,0.0,0.0,0.0],"1":[0.5714285969734192,0.5714285969734192,0.5714285969734192,0.5714285969734192,0.5714285969734192,0.5714285969734192],"2":[0.3333333432674408,0.5,0.5,0.6666666865348816,0.6666666865348816,0.6666666865348816],"3":[0.0,0.0,0.0,0.0,0.0,0.0],"4":[0.0,0.0,0.0,0.0,0.0,0.0],"5":[0.0,0.0,0.0,0.0,0.0,0.0],"6":[0.5714285969734192,0.5714285969734192,0.5714285969734192,0.5714285969734192,0.5714285969734192,0.4285714328289032],"7":[0.10000000149011612,0.20000000298023224,0.20000000298023224,0.30000001192092896,0.4000000059604645,0.5],"8":[0.0,0.0,0.0,0.0,0.0,0.0],"9":[0.0,0.0,0.0,0.0,0.0,0.0]},"mean_valid_accs":[0.18644068529040125,0.22033898961746087,0.22033898961746087,0.2542372982380754,0.27118644977020007,0.2711864462343313]}