{"meta":{"task":"mnist_cluster_sparse_N10_K10","algorithm":"mp_proposal_4","model":"cnn","output_file_name":"output.json","sample":"uniform","aggregate":"none","learning_rate_decay":0.998,"weight_decay":0,"lr_scheduler":-1,"num_rounds":50,"proportion":1.0,"num_epochs":4,"learning_rate":0.001,"batch_size":2,"optimizer":"SGD","momentum":0,"seed":0,"eval_interval":1,"num_threads":1,"num_threads_per_gpu":1,"num_gpus":2,"gpu":0,"net_drop":0,"net_active":99999,"capability":0,"learning_rate_lambda":0,"q":0.0,"epsilon":0.0,"eta":1.0,"tau":0,"alpha":0.5,"beta":1.0,"gamma":0.0,"mu":0.1,"dataidx_filename":"mnist\/cluster_sparse\/10client\/mnist_sparse.json","dataidx_path":"none","server_gpu_id":0,"load_model_path":null,"data_folder":".\/benchmark\/mnist\/data","log_folder":"fedtask","wandb":0,"neg_fct":1.0,"neg_mrg":5.0,"temp":1.0,"kd_fct":1.0,"sthr":0.975,"cpg":2,"se":4},"mean_curve":[0.14761905372142792,0.16761905401945115,0.18428571969270707,0.22095238864421846,0.22095238864421846,0.2166666716337204,0.26000000536441803,0.2742857217788696,0.30000000447034836,0.2757142841815948,0.29809523820877076,0.3590476244688034,0.42285714447498324,0.45238095223903657,0.5530952423810959,0.5640476167201995,0.6099999994039536,0.7411904782056808,0.7342857241630554,0.8100000053644181,0.8504761904478073,0.7430952399969101,0.7216666623950004,0.8419047623872757,0.7900000065565109,0.7273809492588044,0.7569047629833221,0.7771428644657135,0.7511904776096344,0.8197619080543518,0.7673809498548507,0.809761905670166,0.8485714316368103,0.8971428632736206,0.8638095259666443,0.8276190489530564,0.8919047623872757,0.8828571498394012,0.8804761946201325,0.8604761928319931,0.7873809516429902,0.8747619092464447,0.8073809504508972,0.7673809498548507,0.7873809516429902,0.8271428614854812,0.7873809516429902,0.8623809516429901,0.8947619080543519,0.9147619068622589,0.8947619080543519],"var_curve":[0.23372174704031543,0.2287380442996325,0.24565199352814615,0.27736369230775915,0.27736369230775915,0.27114647691664434,0.34557258502249355,0.3550682666432887,0.3591941129695082,0.37645228623837607,0.3541858496156426,0.37284346017250664,0.38109402087146677,0.3610767445534463,0.3532711582627435,0.42428070277967594,0.363027392577611,0.25583895042652116,0.22941362264229137,0.218907301321685,0.1994686763655206,0.23640459013079534,0.30550958999829697,0.18296871098099535,0.20957196093552585,0.2655658589146265,0.2731782564717251,0.15306097779406974,0.2859626865925811,0.23389157872964006,0.24235253247300942,0.2280361996075223,0.22751541554925356,0.16669658601627801,0.13119371057607607,0.18675896048051094,0.17258932293114426,0.16335761722224446,0.16388770775320113,0.20415246564888898,0.21826477400208025,0.13876764945915332,0.20915131956488206,0.24235253247300942,0.21826477400208025,0.21289548818307866,0.21826477400208025,0.1328810325958173,0.14094674310707092,0.10805327064741982,0.14094674310707092],"train_losses":[2.2700178865659035,2.2417304717888267,2.2117440740940935,2.1825464903298073,2.151236127998869,2.11923994654316,2.087567594091771,2.0523631330263816,2.011850502531407,1.9684967913870084,1.923240154476489,1.879838003950604,1.8233639506970423,1.7744980969671476,1.7071751255100056,1.649275573633485,1.6074645983970772,1.5550650863324182,1.4865056377346233,1.4449195821406478,1.352978835671635,1.2979849576950073,1.2645037426786907,1.210609672433239,1.1788980940640983,1.0616599169828125,1.0722261485406908,1.0011171759185145,0.9230063648547157,0.8785508921590902,0.9041566343630775,0.8176636887808978,0.8243404172234616,0.7524516067262423,0.7416625689652007,0.7606202960014343,0.7320134397280418,0.6704547607292564,0.6551920286679672,0.6454982070599572,0.6114521001355123,0.5915276468810389,0.6218842904446489,0.6029616215471494,0.5360857142230212,0.5363077465760506,0.5168368099099498,0.5066718474283056,0.4992650525044587,0.49093650205660677,0.4510416034924782],"test_accs":[0.1047,0.1199,0.1368,0.1489,0.1518,0.1521,0.1603,0.1695,0.1787,0.1846,0.1965,0.2455,0.3037,0.3367,0.4261,0.4252,0.4097,0.5498,0.4529,0.5181,0.5729,0.5452,0.4759,0.5978,0.5373,0.5141,0.5415,0.5562,0.5635,0.5768,0.5414,0.5784,0.5872,0.602,0.5937,0.5962,0.6089,0.6152,0.6123,0.5908,0.5552,0.6117,0.5686,0.5551,0.5641,0.5766,0.561,0.5946,0.6135,0.6148,0.6242],"test_losses":[2.297366180419922,2.286623803329468,2.2758767910003663,2.2646349807739257,2.2557850341796875,2.2439091915130613,2.2281441699981688,2.217265440750122,2.1817820079803467,2.1615248901367186,2.1400143096923827,2.0914634979248046,2.050201593399048,2.028777698135376,1.9725187225341796,1.937240641784668,1.899742511367798,1.8372393898010253,1.8169386081695558,1.7772164323806763,1.7035490451812745,1.6824746070861816,1.6663187786102296,1.600979144668579,1.6225066858291626,1.5499740560531616,1.5408328325271607,1.4913095788955688,1.4482899507522582,1.4085407312393188,1.442523804283142,1.368164658164978,1.4006079008102417,1.342814216518402,1.329072107887268,1.3480885118484498,1.3411719047546387,1.2913822933197021,1.2894529905319214,1.328331130218506,1.308043635559082,1.2576228719711304,1.2924180725097656,1.3325606546401978,1.268366434288025,1.314347190284729,1.2568590837478637,1.2076313356399535,1.2124857472419739,1.224592237854004,1.1868489574432373],