{"meta":{"task":"mnist_cluster_sparse_N10_K10","algorithm":"mp_proposal_4_v3_clustering","model":"cnn","output_file_name":"output.json","sample":"uniform","aggregate":"none","learning_rate_decay":0.998,"weight_decay":0,"lr_scheduler":-1,"num_rounds":50,"proportion":1.0,"num_epochs":8,"learning_rate":0.001,"batch_size":2,"optimizer":"SGD","momentum":0,"seed":0,"eval_interval":1,"num_threads":1,"num_threads_per_gpu":1,"num_gpus":2,"gpu":0,"net_drop":0,"net_active":99999,"capability":0,"learning_rate_lambda":0,"q":0.0,"epsilon":0.0,"eta":1.0,"tau":0,"alpha":0.5,"beta":1.0,"gamma":0.0,"mu":0.1,"dataidx_filename":"mnist\/cluster_sparse\/10client\/mnist_sparse.json","dataidx_path":"none","server_gpu_id":0,"load_model_path":null,"data_folder":".\/benchmark\/mnist\/data","log_folder":"fedtask","wandb":0,"neg_fct":1.0,"neg_mrg":5.0,"temp":1.0,"kd_fct":1.0,"sthr":0.975,"cpg":2,"se":4},"mean_curve":[0.15761905387043953,0.18428571969270707,0.18428571969270707,0.21095238924026488,0.22095238864421846,0.2166666716337204,0.22285714596509934,0.230952388048172,0.30285714864730834,0.30857143402099607,0.36333333402872087,0.5145238161087036,0.4695238173007965,0.44999999850988387,0.4719047680497169,0.46404761970043185,0.49999999850988386,0.5685714349150658,0.5857142865657806,0.6988095223903656,0.5749999985098839,0.7430952429771424,0.7530952394008636,0.5640476182103157,0.6830952435731887,0.7592857211828232,0.7842857211828231,0.7730952382087708,0.8235714346170425,0.7773809552192688,0.6430952399969101,0.8019047677516937,0.8604761958122253,0.7911904811859131,0.7530952394008636,0.838571435213089,0.846190482378006,0.8061904788017273,0.8919047623872757,0.8904761910438538,0.846190482378006,0.8914285778999329,0.8116666674613953,0.8890476226806641,0.8107142925262452,0.8971428632736206,0.8971428632736206,0.8490476191043854,0.8947619080543519,0.934761905670166,0.9114285767078399],"var_curve":[0.22928906198939544,0.24565199352814615,0.24565199352814615,0.27248791821000323,0.27736369230775915,0.27114647691664434,0.35290051989846677,0.28532712776073094,0.38251584485673423,0.39045761198058837,0.42122836145834436,0.33366726655866535,0.31759406324808936,0.3882295966335776,0.3107900847243436,0.3725904445667282,0.34017968759360395,0.30724583095955466,0.29630567196546487,0.24144136361258398,0.35895294966722224,0.1997176259053042,0.19474400143345125,0.38472602601953093,0.22830949499358555,0.16435281077616357,0.2080472833859388,0.18815264390331016,0.18389354332617627,0.2056383488710324,0.2552897272149529,0.16451949748352757,0.13234411229908216,0.21871104840550065,0.19474400143345125,0.18295197894356433,0.1533902496913733,0.1537003832517579,0.17258932293114426,0.09993194509857162,0.1533902496913733,0.14274280288382882,0.224357103462279,0.12848409095861965,0.22463689298854372,0.14008742790306683,0.14008742790306683,0.15502249187400113,0.14094674310707092,0.10336843495193108,0.14254250216970624],"train_losses":[2.2697860224772306,2.242407168372203,2.2124810218811035,2.1860304323293396,2.156588487705942,2.1228318820565435,2.0895483049295716,2.0606602693008162,2.02281622159279,1.9744424335027144,1.9392247705136316,1.8914232799562358,1.834017832400435,1.771177510083732,1.7102344803890939,1.6567214303097482,1.5918045387429707,1.5725825701729725,1.4532206199936948,1.3902919252040022,1.3671059527639615,1.269028948525251,1.2689565036256434,1.2840684268434168,1.1697743969448542,1.1362548854391454,1.0790570933940047,1.0288753448906591,0.9628801123570587,0.9014942443976968,0.9333122766624062,0.9000985794148203,0.8236863148414483,0.8057951775647826,0.8254370547957339,0.7871320843696594,0.694165741993209,0.706660420207654,0.7261086571014533,0.6942264397265547,0.6133459917569565,0.5882565500372547,0.5909903716232817,0.5558553055181341,0.5675742722163766,0.5719150749303527,0.5405702883914366,0.5222042869713347,0.4965168172020023,0.5456121882139626,0.46100733088234724],"test_accs":[0.1143,0.1392,0.1477,0.1507,0.1501,0.1507,0.149,0.1632,0.1937,0.1849,0.252,0.3061,0.3252,0.3254,0.2951,0.3526,0.358,0.393,0.4179,0.4737,0.4336,0.5151,0.5144,0.421,0.4828,0.538,0.523,0.5161,0.5755,0.5183,0.4793,0.5361,0.5868,0.5447,0.5177,0.5462,0.5828,0.5646,0.6034,0.6079,0.5962,0.5888,0.5524,0.5912,0.5326,0.5712,0.5799,0.5771,0.5755,0.6104,0.5967],"test_losses":[2.2975227474212647,2.2865569206237795,2.2762472053527834,2.267773362350464,2.253868992233276,2.2414081588745116,2.235061070251465,2.226797092437744,2.193073509979248,2.165315772628784,2.1346345108032225,2.08638288192749,2.0519973945617678,2.024489810180664,1.9799399318695068,1.9599618654251099,1.9152921588897704,1.9005163738250732,1.8221413051605224,1.7606001296997071,1.7678286388397217,1.6693369472503663,1.6574195163726806,1.7242621807098388,1.624135025024414,1.5988342500686645,1.5893330953598022,1.5240483863830567,1.4951339878082275,1.4603977027893067,1.5264363452911376,1.5093230283737182,1.4074359302520751,1.424177596092224,1.438483699989319,1.4235308883666993,1.33175416431427,1.3590443885803223,1.3563599761009217,1.3111394568443298,1.2699892171859741,1.2915472017288208,1.3088365379333495,1.2790632190704345,1.3690006916046142,1.3732605449676514,1.3510674701690675,1.2558859281539918,1.2991991527557374,1.284367603302002,1.249683395576477],