{"meta":{"task":"cifar10_cluster_sparse_fedavg_N30_K6","algorithm":"fedavg_mp_with_random","model":"resnet9","output_file_name":"output.json","sample":"uniform","aggregate":"none","learning_rate_decay":0.998,"weight_decay":0,"lr_scheduler":-1,"num_rounds":4,"proportion":0.2,"num_epochs":8,"learning_rate":0.001,"batch_size":10,"optimizer":"SGD","momentum":0,"seed":0,"eval_interval":1,"num_threads":1,"num_threads_per_gpu":1,"num_gpus":2,"gpu":0,"net_drop":0,"net_active":99999,"capability":0,"learning_rate_lambda":0,"q":0.0,"epsilon":0.0,"eta":1.0,"tau":0,"alpha":0.5,"beta":1.0,"gamma":0.0,"mu":0.1,"dataidx_filename":"cifar10\/cluster_sparse\/30client\/cifar10_cluster_sparse.json","dataidx_path":"none","server_gpu_id":0,"load_model_path":null,"data_folder":".\/benchmark\/cifar10\/data","log_folder":"fedtask","wandb":0,"neg_fct":1.0,"neg_mrg":5.0,"temp":1.0,"kd_fct":1.0,"sthr":0.975,"cpg":2,"se":4},"mean_curve":[0.164782644994041,0.1509181260918056,0.22650806064877163,0.19227365537832303,0.23386156626587032],"var_curve":[0.2419841437266231,0.20884178233710773,0.2319603224434328,0.23264779182359294,0.23338555747695322],"train_losses":[3.016515901360266,2.661113871544343,2.3527332441854614,2.2699368421020343,2.255433241262989],"test_accs":[0.1605,0.1476,0.1997,0.186,0.1987],"test_losses":[3.0962221656799316,2.7314266284942628,2.4436710788726805,2.4336864238739015,2.4631215602874756],"valid_accs":[[0.0,0.39041096012886256,0.0,0.38596490025520325,0.0,0.4807692261842581,0.0,0.0,0.0,0.28260868787765503,0.3684210479259491,0.0,0.0,0.0,0.42553192377090454,0.4028776984849422,0.0,0.35766423531692393,0.0,0.0,0.0,0.6666666666666666,0.26865671686272125,0.0,0.0,0.0,0.0,0.0,0.9139072863471429,0.0],[0.0,0.06164383566746973,0.20370370149612427,0.0,0.4693877696990967,0.0,0.009433962264150943,0.0,0.7102803638048261,0.0,0.35087719559669495,0.0,0.46296296848191154,0.0,0.0,0.0,0.2242990634708761,0.029197080291970802,0.4533333357175191,0.0,0.006711409395973154,0.0,0.04477611984779586,0.3414634149975893,0.2767857142857143,0.1929824519575688,0.010638297872340425,0.0,0.05298013257368511,0.6260869653328606],[0.14084507105216174,0.23972602903026424,0.018518518656492233,0.0,0.7755101919174194,0.0,0.2830188682056823,0.5211267618226333,0.38317757260019536,0.043478261679410934,0.05263157933950424,0.21126760626342936,0.5092592658819975,0.3723404344092024,0.0,0.12949640309210303,0.04672897335524871,0.0,0.4400000023841858,0.5736434108527132,0.167785235799399,0.22727272727272727,0.0,0.28048780596837763,0.11607142963579722,0.05263157835916469,0.07446808566121345,0.2835820895522388,0.0,0.852173916671587],[0.07042253584089414,0.46575342547403625,0.25925925374031067,0.0,0.0,0.009615384615384616,0.8018867845805187,0.014084507042253521,0.44859813167670065,0.021739130839705467,0.31578946113586426,0.5633802821098919,0.018518518518518517,0.07446808558195195,0.021276595070958138,0.5539568358188053,0.44859813167670065,0.014598540145985401,0.0,0.015503875968992248,0.6308724856216635,0.015151515151515152,0.0,0.0,0.31250000425747465,0.17543859779834747,0.042553192044192174,0.1044776119402985,0.013245033235936765,0.3565217414627904],[0.30985915618883053,0.5410958928604649,0.07407407462596893,0.24561403691768646,0.0,0.009615384758665012,0.8113207592154449,0.19718309859154928,0.14018691721085075,0.0,0.15789473056793213,0.5070422543606288,0.0,0.2446808526490597,0.021276595070958138,0.4892086322359044,0.5327102720180404,0.2846715329554829,0.0,0.007751937984496124,0.8322147663007646,0.015151515151515152,0.04477611940298507,0.3292682928646483,0.0803571417927742,0.035087718906109795,0.3085106421024241,0.3880597019373481,0.11258278195036958,0.2956521793552067]],"client_accs":{"0":[0.0,0.0,0.14084507105216174,0.07042253584089414,0.30985915618883053],"1":[0.39041096012886256,0.06164383566746973,0.23972602903026424,0.46575342547403625,0.5410958928604649],"2":[0.0,0.20370370149612427,0.018518518656492233,0.25925925374031067,0.07407407462596893],"3":[0.38596490025520325,0.0,0.0,0.0,0.24561403691768646],"4":[0.0,0.4693877696990967,0.7755101919174194,0.0,0.0],"5":[0.4807692261842581,0.0,0.0,0.009615384615384616,0.009615384758665012],"6":[0.0,0.009433962264150943,0.2830188682056823,0.8018867845805187,0.8113207592154449],"7":[0.0,0.0,0.5211267618226333,0.014084507042253521,0.19718309859154928],"8":[0.0,0.7102803638048261,0.38317757260019536,0.44859813167670065,0.14018691721085075],"9":[0.28260868787765503,0.0,0.043478261679410934,0.021739130839705467,0.0],"10":[0.3684210479259491,0.35087719559669495,0.05263157933950424,0.31578946113586426,0.15789473056793213],"11":[0.0,0.0,0.21126760626342936,0.5633802821098919,0.5070422543606288],"12":[0.0,0.46296296848191154,0.5092592658819975,0.018518518518518517,0.0],"13":[0.0,0.0,0.3723404344092024,0.07446808558195195,0.2446808526490597],"14":[0.42553192377090454,0.0,0.0,0.021276595070958138,0.021276595070958138],"15":[0.4028776984849422,0.0,0.12949640309210303,0.5539568358188053,0.4892086322359044],"16":[0.0,0.2242990634708761,0.04672897335524871,0.44859813167670065,0.5327102720180404],"17":[0.35766423531692393,0.029197080291970802,0.0,0.014598540145985401,0.2846715329554829],"18":[0.0,0.4533333357175191,0.4400000023841858,0.0,0.0],"19":[0.0,0.0,0.5736434108527132,0.015503875968992248,0.007751937984496124],"20":[0.0,0.006711409395973154,0.167785235799399,0.6308724856216635,0.8322147663007646],"21":[0.6666666666666666,0.0,0.22727272727272727,0.015151515151515152,0.015151515151515152],"22":[0.26865671686272125,0.04477611984779586,0.0,0.0,0.04477611940298507],"23":[0.0,0.3414634149975893,0.28048780596837763,0.0,0.3292682928646483],"24":[0.0,0.2767857142857143,0.11607142963579722,0.31250000425747465,0.0803571417927742],"25":[0.0,0.1929824519575688,0.05263157835916469,0.17543859779834747,0.035087718906109795],"26":[0.0,0.010638297872340425,0.07446808566121345,0.042553192044192174,0.3085106421024241],"27":[0.0,0.0,0.2835820895522388,0.1044776119402985,0.3880597019373481],"28":[0.9139072863471429,0.05298013257368511,0.0,0.013245033235936765,0.11258278195036958],"29":[0.0,0.6260869653328606,0.852173916671587,0.3565217414627904,0.2956521793552067]},"mean_valid_accs":[0.17478510007304926,0.14971346735692767,0.2285100296700112,0.2234957020264119,0.26611747892298615]}