{"meta":{"task":"cifar10_cluster_sparse_fedavg_N30_K6","algorithm":"mp_fedavg","model":"resnet9","output_file_name":"output.json","sample":"uniform","aggregate":"none","learning_rate_decay":0.998,"weight_decay":0,"lr_scheduler":-1,"num_rounds":4,"proportion":0.2,"num_epochs":8,"learning_rate":0.001,"batch_size":10,"optimizer":"SGD","momentum":0,"seed":0,"eval_interval":1,"num_threads":1,"num_threads_per_gpu":1,"num_gpus":2,"gpu":0,"net_drop":0,"net_active":99999,"capability":0,"learning_rate_lambda":0,"q":0.0,"epsilon":0.0,"eta":1.0,"tau":0,"alpha":0.5,"beta":1.0,"gamma":0.0,"mu":0.1,"dataidx_filename":"cifar10\/cluster_sparse\/30client\/cifar10_cluster_sparse.json","dataidx_path":"none","server_gpu_id":0,"load_model_path":null,"data_folder":".\/benchmark\/cifar10\/data","log_folder":"fedtask","wandb":0,"neg_fct":1.0,"neg_mrg":5.0,"temp":1.0,"kd_fct":1.0,"sthr":0.975,"cpg":2,"se":4},"mean_curve":[0.14401796774930656,0.1821676784127326,0.18037187546271236,0.18037849503008202,0.2721694183863482],"var_curve":[0.2224739402873147,0.21975802964955432,0.22977831713784125,0.22912838508509348,0.15940193288986804],"train_losses":[3.079023702075454,2.4029098200507697,2.5785436997440963,2.5020256458773655,2.133510636523323],"test_accs":[0.1391,0.1694,0.1626,0.1712,0.2278],"test_losses":[3.122724980163574,2.405219730758667,2.5616473091125487,2.554306983947754,2.2756977836608887],"valid_accs":[[0.0,0.3150684933548104,0.0,0.4035087823867798,0.0,0.4903846107996427,0.0,0.0,0.0,0.17391304671764374,0.2631579041481018,0.0,0.0,0.0,0.40425533056259155,0.4460431661108415,0.0,0.21167883233432352,0.0,0.0,0.0,0.6818181818181818,0.14925373178809437,0.0,0.0,0.0,0.0,0.0,0.7814569524581859,0.0],[0.056338028169014086,0.0547945205479452,0.0,0.28070175647735596,0.36734694242477417,0.0,0.009433962264150943,0.7183098599944316,0.009345794392523364,0.08695652335882187,0.12280701845884323,0.1690140857662953,0.0555555569352927,0.5851063893196431,0.0,0.0,0.01869158875023093,0.42335766488618226,0.0,0.6821705426356589,0.01342281891695605,0.25757575757575757,0.07462686567164178,0.34146341754168996,0.07142857142857142,0.0,0.4680851082852546,0.4925373138776466,0.10596026470329588,0.0],[0.12676056400990823,0.0,0.0,0.08771929889917374,0.5918367505073547,0.048076923650044665,0.0,0.647887324363413,0.09345794378597046,0.21739129722118378,0.0,0.028169014084507043,0.29629629188113743,0.6170212829366644,0.042553190141916275,0.0,0.0,0.043795620437956206,0.2533333341280619,0.8604651162790697,0.0,0.30303030303030304,0.014925373134328358,0.1341463416451361,0.15178571428571427,0.0,0.15957446856067536,0.47761194074331825,0.006622516556291391,0.2086956535992415],[0.21126760605355382,0.0,0.14814814925193787,0.0,0.4693877696990967,0.0,0.0,0.0,0.7102803638048261,0.17391304671764374,0.19298245012760162,0.0,0.6944444334065473,0.0,0.0,0.0,0.14018691867311425,0.0,0.46666666865348816,0.32558139534883723,0.0,0.0,0.0,0.329268291229155,0.5803571428571429,0.1754385949226848,0.20212765989151407,0.0,0.0,0.5913043602653172],[0.2253521139353094,0.41095890533434204,0.1111111119389534,0.07017543911933899,0.2857142984867096,0.29807692536940944,0.5471698113207547,0.25352112801981647,0.18691589063573105,0.1304347813129425,0.10526315867900848,0.39436619760284963,0.24999999944810514,0.3085106427365161,0.19148936867713928,0.39568345452384124,0.14018691721085075,0.0,0.4400000023841858,0.6511627906976745,0.6107382570337129,0.2727272727272727,0.23880597059406453,0.10975609792441857,0.3392857142857143,0.27192982403855576,0.13829787392565546,0.25373134372839284,0.07284768224255928,0.4608695776566215]],"client_accs":{"0":[0.0,0.056338028169014086,0.12676056400990823,0.21126760605355382,0.2253521139353094],"1":[0.3150684933548104,0.0547945205479452,0.0,0.0,0.41095890533434204],"2":[0.0,0.0,0.0,0.14814814925193787,0.1111111119389534],"3":[0.4035087823867798,0.28070175647735596,0.08771929889917374,0.0,0.07017543911933899],"4":[0.0,0.36734694242477417,0.5918367505073547,0.4693877696990967,0.2857142984867096],"5":[0.4903846107996427,0.0,0.048076923650044665,0.0,0.29807692536940944],"6":[0.0,0.009433962264150943,0.0,0.0,0.5471698113207547],"7":[0.0,0.7183098599944316,0.647887324363413,0.0,0.25352112801981647],"8":[0.0,0.009345794392523364,0.09345794378597046,0.7102803638048261,0.18691589063573105],"9":[0.17391304671764374,0.08695652335882187,0.21739129722118378,0.17391304671764374,0.1304347813129425],"10":[0.2631579041481018,0.12280701845884323,0.0,0.19298245012760162,0.10526315867900848],"11":[0.0,0.1690140857662953,0.028169014084507043,0.0,0.39436619760284963],"12":[0.0,0.0555555569352927,0.29629629188113743,0.6944444334065473,0.24999999944810514],"13":[0.0,0.5851063893196431,0.6170212829366644,0.0,0.3085106427365161],"14":[0.40425533056259155,0.0,0.042553190141916275,0.0,0.19148936867713928],"15":[0.4460431661108415,0.0,0.0,0.0,0.39568345452384124],"16":[0.0,0.01869158875023093,0.0,0.14018691867311425,0.14018691721085075],"17":[0.21167883233432352,0.42335766488618226,0.043795620437956206,0.0,0.0],"18":[0.0,0.0,0.2533333341280619,0.46666666865348816,0.4400000023841858],"19":[0.0,0.6821705426356589,0.8604651162790697,0.32558139534883723,0.6511627906976745],"20":[0.0,0.01342281891695605,0.0,0.0,0.6107382570337129],"21":[0.6818181818181818,0.25757575757575757,0.30303030303030304,0.0,0.2727272727272727],"22":[0.14925373178809437,0.07462686567164178,0.014925373134328358,0.0,0.23880597059406453],"23":[0.0,0.34146341754168996,0.1341463416451361,0.329268291229155,0.10975609792441857],"24":[0.0,0.07142857142857142,0.15178571428571427,0.5803571428571429,0.3392857142857143],"25":[0.0,0.0,0.0,0.1754385949226848,0.27192982403855576],"26":[0.0,0.4680851082852546,0.15957446856067536,0.20212765989151407,0.13829787392565546],"27":[0.0,0.4925373138776466,0.47761194074331825,0.0,0.25373134372839284],"28":[0.7814569524581859,0.10596026470329588,0.006622516556291391,0.0,0.07284768224255928],"29":[0.0,0.0,0.2086956535992415,0.5913043602653172,0.4608695776566215]},"mean_valid_accs":[0.15257879704194288,0.17335243618921684,0.16654727828520802,0.18159025786364488,0.29226361200571016]}