{"meta":{"task":"cifar100_cluster_sparse_scaffold_N50_K10","algorithm":"scaffold_with_random","model":"resnet9","output_file_name":"output.json","sample":"uniform","aggregate":"none","learning_rate_decay":0.998,"weight_decay":0,"lr_scheduler":-1,"num_rounds":1,"proportion":0.2,"num_epochs":8,"learning_rate":0.001,"batch_size":8,"optimizer":"SGD","momentum":0,"seed":0,"eval_interval":1,"num_threads":1,"num_threads_per_gpu":1,"num_gpus":2,"gpu":0,"net_drop":0,"net_active":99999,"capability":0,"learning_rate_lambda":0,"q":0.0,"epsilon":0.0,"eta":1.0,"tau":0,"alpha":0.5,"beta":1.0,"gamma":0.0,"mu":0.1,"dataidx_filename":"cifar100\/cluster_sparse\/50client\/cifar100_cluster_sparse.json","dataidx_path":"none","server_gpu_id":0,"load_model_path":null,"data_folder":".\/benchmark\/cifar100\/data","log_folder":"fedtask","wandb":0,"neg_fct":1.0,"neg_mrg":5.0,"temp":1.0,"kd_fct":1.0,"sthr":0.975,"cpg":2,"se":4},"mean_curve":[0.029662801305660257,0.03971266043898925],"var_curve":[0.044534141605403206,0.06753401813455367],"train_losses":[4.8319113332381365,4.662119072666523],"test_accs":[0.0264,0.0363],"test_losses":[4.894454787445069,4.727987157440186],"valid_accs":[[0.022831050296352334,0.0,0.10047846889952153,0.0,0.05238095238095238,0.0,0.0,0.051630434782608696,0.0,0.00392156862745098,0.0,0.0033333333333333335,0.023952096076068765,0.07829181470798852,0.023809523809523808,0.06091370562157655,0.025974025974025976,0.05860805860805861,0.0,0.0,0.0,0.03308823529411765,0.0,0.03523035230352303,0.004784688995215311,0.15000000021287374,0.0979381443298969,0.0,0.008333333333333333,0.05223880608135195,0.015197568389057751,0.13378684786982548,0.011363636431368914,0.0,0.0,0.0,0.0761904762614341,0.007326007339653078,0.0,0.004901960784313725,0.0,0.0,0.036363636390729384,0.03821656062819396,0.21223021604174333,0.005,0.0,0.05263157902277916,0.0021929824561403508,0.0],[0.06849315082101518,0.0,0.0023923444976076554,0.027777777777777776,0.004761904761904762,0.028688524590163935,0.0,0.16847826086956522,0.020202020277278594,0.0,0.015544041450777202,0.0,0.023952095808383235,0.028469750889679714,0.0026455026455026454,0.0,0.0,0.04395604395604396,0.1873536301859648,0.0,0.004231311706629055,0.0,0.018,0.1273712737329284,0.11722488038277512,0.0,0.030927835051546393,0.0,0.029166666666666667,0.0,0.0,0.031746031695347524,0.0,0.009389671361502348,0.0,0.039267015843335244,0.2666666668085825,0.0,0.25786163372063786,0.0024509803921568627,0.21804511291266682,0.0821917808219178,0.0,0.012738853621824532,0.06115107913669065,0.0,0.0,0.004048583071362152,0.05043859649122807,0.0]],"client_accs":{"0":[0.022831050296352334,0.06849315082101518],"1":[0.0,0.0],"2":[0.10047846889952153,0.0023923444976076554],"3":[0.0,0.027777777777777776],"4":[0.05238095238095238,0.004761904761904762],"5":[0.0,0.028688524590163935],"6":[0.0,0.0],"7":[0.051630434782608696,0.16847826086956522],"8":[0.0,0.020202020277278594],"9":[0.00392156862745098,0.0],"10":[0.0,0.015544041450777202],"11":[0.0033333333333333335,0.0],"12":[0.023952096076068765,0.023952095808383235],"13":[0.07829181470798852,0.028469750889679714],"14":[0.023809523809523808,0.0026455026455026454],"15":[0.06091370562157655,0.0],"16":[0.025974025974025976,0.0],"17":[0.05860805860805861,0.04395604395604396],"18":[0.0,0.1873536301859648],"19":[0.0,0.0],"20":[0.0,0.004231311706629055],"21":[0.03308823529411765,0.0],"22":[0.0,0.018],"23":[0.03523035230352303,0.1273712737329284],"24":[0.004784688995215311,0.11722488038277512],"25":[0.15000000021287374,0.0],"26":[0.0979381443298969,0.030927835051546393],"27":[0.0,0.0],"28":[0.008333333333333333,0.029166666666666667],"29":[0.05223880608135195,0.0],"30":[0.015197568389057751,0.0],"31":[0.13378684786982548,0.031746031695347524],"32":[0.011363636431368914,0.0],"33":[0.0,0.009389671361502348],"34":[0.0,0.0],"35":[0.0,0.039267015843335244],"36":[0.0761904762614341,0.2666666668085825],"37":[0.007326007339653078,0.0],"38":[0.0,0.25786163372063786],"39":[0.004901960784313725,0.0024509803921568627],"40":[0.0,0.21804511291266682],"41":[0.0,0.0821917808219178],"42":[0.036363636390729384,0.0],"43":[0.03821656062819396,0.012738853621824532],"44":[0.21223021604174333,0.06115107913669065],"45":[0.005,0.0],"46":[0.0,0.0],"47":[0.05263157902277916,0.004048583071362152],"48":[0.0021929824561403508,0.05043859649122807],"49":[0.0,0.0]},"mean_valid_accs":[0.02891337837428402,0.040111387612891646]}