{"meta":{"task":"cifar100_cluster_sparse_scaffold_N50_K10","algorithm":"scaffold","model":"resnet9","output_file_name":"output.json","sample":"uniform","aggregate":"none","learning_rate_decay":0.998,"weight_decay":0,"lr_scheduler":-1,"num_rounds":1,"proportion":0.2,"num_epochs":8,"learning_rate":0.001,"batch_size":8,"optimizer":"SGD","momentum":0,"seed":0,"eval_interval":1,"num_threads":1,"num_threads_per_gpu":1,"num_gpus":2,"gpu":0,"net_drop":0,"net_active":99999,"capability":0,"learning_rate_lambda":0,"q":0.0,"epsilon":0.0,"eta":1.0,"tau":0,"alpha":0.5,"beta":1.0,"gamma":0.0,"mu":0.1,"dataidx_filename":"cifar100\/cluster_sparse\/50client\/cifar100_cluster_sparse.json","dataidx_path":"none","server_gpu_id":0,"load_model_path":null,"data_folder":".\/benchmark\/cifar100\/data","log_folder":"fedtask","wandb":0,"neg_fct":1.0,"neg_mrg":5.0,"temp":1.0,"kd_fct":1.0,"sthr":0.975,"cpg":2,"se":4},"mean_curve":[0.025730144551470772,0.05216050278350973],"var_curve":[0.04196264864963874,0.07225866762534287],"train_losses":[4.970143398157665,4.672126615537627],"test_accs":[0.0268,0.0392],"test_losses":[5.026772954559326,4.739507530975342],"valid_accs":[[0.009132420159366033,0.0,0.11961722488038277,0.003472222222222222,0.014285714285714285,0.0,0.0,0.021739130434782608,0.0025252525252525255,0.0,0.0,0.0033333333333333335,0.03592814398026038,0.07473309584677856,0.013227513227513227,0.025380710697718682,0.012987012987012988,0.045787545787545784,0.0,0.0,0.0028208744710860366,0.007352941176470588,0.004,0.037940379403794036,0.0023923444976076554,0.13928571439215115,0.08762886597938144,0.0,0.0,0.08582089563359076,0.00911854103343465,0.11791383209817805,0.022727272795005277,0.004694835680751174,0.004651162790697674,0.0,0.06349206358667404,0.0,0.006289308176100629,0.0024509803921568627,0.0,0.0,0.06181818187236786,0.01592356687898089,0.19064748222879369,0.005,0.0,0.0323886641184328,0.0,0.0],[0.04337899543378995,0.0,0.08133971291866028,0.020833333333333332,0.011904761904761904,0.0,0.0064516129993623305,0.057065217391304345,0.005050505050505051,0.1999999997662563,0.0,0.05,0.0,0.04270462625497601,0.08730158769579792,0.1548223350253807,0.045454545502925846,0.08424908424908426,0.00702576112412178,0.0,0.0028208744710860366,0.007352941176470588,0.12600000011920928,0.051490514905149054,0.0,0.028571428784302303,0.26804123711340205,0.020833333333333332,0.03333333333333333,0.022388059701492536,0.0364741641337386,0.036281179087637776,0.004545454545454545,0.0,0.0,0.026178010744262115,0.07301587306317829,0.27106227111685405,0.031446540693067154,0.0024509803921568627,0.0,0.0,0.08000000002709302,0.006369426751592357,0.2985611521511627,0.025,0.03058823529411765,0.12955465617208828,0.0021929824561403508,0.0958904109589041]],"client_accs":{"0":[0.009132420159366033,0.04337899543378995],"1":[0.0,0.0],"2":[0.11961722488038277,0.08133971291866028],"3":[0.003472222222222222,0.020833333333333332],"4":[0.014285714285714285,0.011904761904761904],"5":[0.0,0.0],"6":[0.0,0.0064516129993623305],"7":[0.021739130434782608,0.057065217391304345],"8":[0.0025252525252525255,0.005050505050505051],"9":[0.0,0.1999999997662563],"10":[0.0,0.0],"11":[0.0033333333333333335,0.05],"12":[0.03592814398026038,0.0],"13":[0.07473309584677856,0.04270462625497601],"14":[0.013227513227513227,0.08730158769579792],"15":[0.025380710697718682,0.1548223350253807],"16":[0.012987012987012988,0.045454545502925846],"17":[0.045787545787545784,0.08424908424908426],"18":[0.0,0.00702576112412178],"19":[0.0,0.0],"20":[0.0028208744710860366,0.0028208744710860366],"21":[0.007352941176470588,0.007352941176470588],"22":[0.004,0.12600000011920928],"23":[0.037940379403794036,0.051490514905149054],"24":[0.0023923444976076554,0.0],"25":[0.13928571439215115,0.028571428784302303],"26":[0.08762886597938144,0.26804123711340205],"27":[0.0,0.020833333333333332],"28":[0.0,0.03333333333333333],"29":[0.08582089563359076,0.022388059701492536],"30":[0.00911854103343465,0.0364741641337386],"31":[0.11791383209817805,0.036281179087637776],"32":[0.022727272795005277,0.004545454545454545],"33":[0.004694835680751174,0.0],"34":[0.004651162790697674,0.0],"35":[0.0,0.026178010744262115],"36":[0.06349206358667404,0.07301587306317829],"37":[0.0,0.27106227111685405],"38":[0.006289308176100629,0.031446540693067154],"39":[0.0024509803921568627,0.0024509803921568627],"40":[0.0,0.0],"41":[0.0,0.0],"42":[0.06181818187236786,0.08000000002709302],"43":[0.01592356687898089,0.006369426751592357],"44":[0.19064748222879369,0.2985611521511627],"45":[0.005,0.025],"46":[0.0,0.03058823529411765],"47":[0.0323886641184328,0.12955465617208828],"48":[0.0,0.0021929824561403508],"49":[0.0,0.0958904109589041]},"mean_valid_accs":[0.02464747009175354,0.04888019911677355]}