{"meta":{"task":"cifar10_cluster_sparse_fedfv_N30_K6","algorithm":"fedfv_with_random","model":"resnet9","output_file_name":"output.json","sample":"uniform","aggregate":"none","learning_rate_decay":0.998,"weight_decay":0,"lr_scheduler":-1,"num_rounds":4,"proportion":0.2,"num_epochs":8,"learning_rate":0.001,"batch_size":10,"optimizer":"SGD","momentum":0,"seed":0,"eval_interval":1,"num_threads":1,"num_threads_per_gpu":1,"num_gpus":2,"gpu":0,"net_drop":0,"net_active":99999,"capability":0,"learning_rate_lambda":0,"q":0.0,"epsilon":0.0,"eta":1.0,"tau":0,"alpha":0.5,"beta":1.0,"gamma":0.0,"mu":0.1,"dataidx_filename":"cifar10\/cluster_sparse\/30client\/cifar10_cluster_sparse.json","dataidx_path":"none","server_gpu_id":0,"load_model_path":null,"data_folder":".\/benchmark\/cifar10\/data","log_folder":"fedtask","wandb":0,"neg_fct":1.0,"neg_mrg":5.0,"temp":1.0,"kd_fct":1.0,"sthr":0.975,"cpg":2,"se":4},"mean_curve":[0.11606312882094348,0.19985709750709918,0.23470876590740666,0.21693152057891238,0.22597117289913612],"var_curve":[0.20335190883437887,0.23376217613633027,0.22576597729446157,0.2374912233826091,0.234116293719723],"train_losses":[2.9964158010687734,2.5625424380374158,2.3500978740033585,2.13796496959163,2.162039170153759],"test_accs":[0.115,0.1731,0.2035,0.1982,0.2138],"test_losses":[3.0202357330322265,2.620974403381348,2.45096540145874,2.297211296844482,2.3430050899505614],"valid_accs":[[0.0,0.09589041100993548,0.0,0.3859649128035495,0.0,0.5096153846153846,0.0,0.0,0.0,0.08695652368276016,0.10526315632619355,0.0,0.0,0.0,0.4468085182474015,0.43884892214974053,0.0,0.058394160583941604,0.0,0.0,0.0,0.6818181818181818,0.08955223880597014,0.0,0.0,0.0,0.0,0.0,0.5827814545852459,0.0],[0.0,0.0547945205479452,0.7407407429483202,0.0,0.28571428723481235,0.2692307692307692,0.009433962264150943,0.0,0.7850467312001737,0.0,0.45614035715136614,0.0,0.28703703731298447,0.0,0.25531914988730814,0.0,0.3177570104598999,0.0364963503649635,0.42666666825612387,0.0,0.0,0.0,0.3582089556686914,0.2804878077855924,0.4642857142857143,0.5526315789473685,0.0,0.0,0.033112582904810936,0.38260869876198145],[0.09859154929577464,0.2876712345097163,0.055555557211240135,0.0,0.7142857215842422,0.009615384615384616,0.3867924528301887,0.5070422552001308,0.38317757120756346,0.0,0.0877192974613424,0.28169014126482145,0.46296296296296297,0.4787234042553192,0.0,0.20863309395399024,0.12149532710280374,0.0,0.38666666865348814,0.46511627906976744,0.24832214855107684,0.22727272727272727,0.0,0.268292685107487,0.08035714285714286,0.07894736855176457,0.010638297872340425,0.3134328362657063,0.0,0.8782608695652174],[0.04225352112676056,0.4520547945205479,0.38888889440783747,0.05263157894736842,0.02040816326530612,0.028846153846153848,0.7358490577283895,0.09859154929577464,0.6261682259702237,0.0,0.3859649185548749,0.5492957750676384,0.009259259259259259,0.0638297883437035,0.0425531914893617,0.5179856106531706,0.49532710391784385,0.0072992700729927005,0.0,0.007751937984496124,0.6174496676297796,0.045454545454545456,0.0,0.03658536603538001,0.4642857142857143,0.3157894739456344,0.05319149047136307,0.1044776119402985,0.006622516556291391,0.3391304365966631],[0.4647887323943662,0.3150684939671869,0.14814814980383273,0.0877192974613424,0.0,0.0,0.7735849034111455,0.14084507042253522,0.17757009429352305,0.0,0.22807017308578156,0.4366197187296102,0.027777777777777776,0.3085106392490103,0.0,0.3741007198532708,0.7570093457943925,0.1386861313868613,0.0,0.046511627906976744,0.8120805389129075,0.06060606060606061,0.04477611940298507,0.1341463416451361,0.19642857142857142,0.08771929831097,0.21276595966613038,0.5223880597014925,0.039735099337748346,0.243478262424469]],"client_accs":{"0":[0.0,0.0,0.09859154929577464,0.04225352112676056,0.4647887323943662],"1":[0.09589041100993548,0.0547945205479452,0.2876712345097163,0.4520547945205479,0.3150684939671869],"2":[0.0,0.7407407429483202,0.055555557211240135,0.38888889440783747,0.14814814980383273],"3":[0.3859649128035495,0.0,0.0,0.05263157894736842,0.0877192974613424],"4":[0.0,0.28571428723481235,0.7142857215842422,0.02040816326530612,0.0],"5":[0.5096153846153846,0.2692307692307692,0.009615384615384616,0.028846153846153848,0.0],"6":[0.0,0.009433962264150943,0.3867924528301887,0.7358490577283895,0.7735849034111455],"7":[0.0,0.0,0.5070422552001308,0.09859154929577464,0.14084507042253522],"8":[0.0,0.7850467312001737,0.38317757120756346,0.6261682259702237,0.17757009429352305],"9":[0.08695652368276016,0.0,0.0,0.0,0.0],"10":[0.10526315632619355,0.45614035715136614,0.0877192974613424,0.3859649185548749,0.22807017308578156],"11":[0.0,0.0,0.28169014126482145,0.5492957750676384,0.4366197187296102],"12":[0.0,0.28703703731298447,0.46296296296296297,0.009259259259259259,0.027777777777777776],"13":[0.0,0.0,0.4787234042553192,0.0638297883437035,0.3085106392490103],"14":[0.4468085182474015,0.25531914988730814,0.0,0.0425531914893617,0.0],"15":[0.43884892214974053,0.0,0.20863309395399024,0.5179856106531706,0.3741007198532708],"16":[0.0,0.3177570104598999,0.12149532710280374,0.49532710391784385,0.7570093457943925],"17":[0.058394160583941604,0.0364963503649635,0.0,0.0072992700729927005,0.1386861313868613],"18":[0.0,0.42666666825612387,0.38666666865348814,0.0,0.0],"19":[0.0,0.0,0.46511627906976744,0.007751937984496124,0.046511627906976744],"20":[0.0,0.0,0.24832214855107684,0.6174496676297796,0.8120805389129075],"21":[0.6818181818181818,0.0,0.22727272727272727,0.045454545454545456,0.06060606060606061],"22":[0.08955223880597014,0.3582089556686914,0.0,0.0,0.04477611940298507],"23":[0.0,0.2804878077855924,0.268292685107487,0.03658536603538001,0.1341463416451361],"24":[0.0,0.4642857142857143,0.08035714285714286,0.4642857142857143,0.19642857142857142],"25":[0.0,0.5526315789473685,0.07894736855176457,0.3157894739456344,0.08771929831097],"26":[0.0,0.0,0.010638297872340425,0.05319149047136307,0.21276595966613038],"27":[0.0,0.0,0.3134328362657063,0.1044776119402985,0.5223880597014925],"28":[0.5827814545852459,0.033112582904810936,0.0,0.006622516556291391,0.039735099337748346],"29":[0.0,0.38260869876198145,0.8782608695652174,0.3391304365966631,0.243478262424469]},"mean_valid_accs":[0.11747851010604113,0.18839541609855343,0.24068767961146667,0.24498567404092042,0.2496418340857485]}