{"meta":{"task":"cifar10_cluster_sparse_fedfv_N30_K6","algorithm":"fedfv","model":"resnet9","output_file_name":"output.json","sample":"uniform","aggregate":"none","learning_rate_decay":0.998,"weight_decay":0,"lr_scheduler":-1,"num_rounds":4,"proportion":0.2,"num_epochs":8,"learning_rate":0.001,"batch_size":10,"optimizer":"SGD","momentum":0,"seed":0,"eval_interval":1,"num_threads":1,"num_threads_per_gpu":1,"num_gpus":2,"gpu":0,"net_drop":0,"net_active":99999,"capability":0,"learning_rate_lambda":0,"q":0.0,"epsilon":0.0,"eta":1.0,"tau":0,"alpha":0.5,"beta":1.0,"gamma":0.0,"mu":0.1,"dataidx_filename":"cifar10\/cluster_sparse\/30client\/cifar10_cluster_sparse.json","dataidx_path":"none","server_gpu_id":0,"load_model_path":null,"data_folder":".\/benchmark\/cifar10\/data","log_folder":"fedtask","wandb":0,"neg_fct":1.0,"neg_mrg":5.0,"temp":1.0,"kd_fct":1.0,"sthr":0.975,"cpg":2,"se":4},"mean_curve":[0.11112339870662373,0.13723880777541686,0.2270322258765807,0.15190152941023863,0.2762797155794957],"var_curve":[0.20116604252893064,0.2246968050395,0.21755713164035156,0.21612480666662406,0.23106406314455258],"train_losses":[2.997709918030695,2.5144728016652658,2.4594744719714354,2.5997149277809357,2.234203395537797],"test_accs":[0.1106,0.1329,0.1832,0.1477,0.2219],"test_losses":[3.0048729068756104,2.502413412857056,2.445516738128662,2.6224818786621094,2.3417327911376953],"valid_accs":[[0.0,0.08219178087294918,0.0,0.40350877454406336,0.0,0.5,0.0,0.0,0.0,0.043478260869565216,0.10526315632619355,0.0,0.0,0.0,0.42553191933226076,0.4460431667540571,0.0,0.036496350419347304,0.0,0.0,0.0,0.6818181818181818,0.05970149253731343,0.0,0.0,0.0,0.0,0.0,0.5496688777247801,0.0],[0.09859154992540117,0.00684931506849315,0.0,0.0701754382043554,0.40816326713075446,0.019230769230769232,0.056603773866059644,0.6901408467494267,0.009345794392523364,0.0,0.0,0.028169014084507043,0.0,0.7127659523740728,0.0425531914893617,0.007194244604316547,0.14018691644490322,0.043795620437956206,0.0,0.5968992248062015,0.1006711410396051,0.3181818181818182,0.0,0.04878048798659953,0.0,0.0,0.0638297883437035,0.641791045665741,0.013245033235936765,0.0],[0.028169014084507043,0.0136986301369863,0.1296296312853142,0.14035087562443918,0.6734693901879447,0.34615384615384615,0.0,0.5915492982931541,0.18691588868604642,0.0,0.0,0.0,0.3425925914888029,0.5106382985064324,0.553191489995794,0.14388489230073614,0.0,0.029197080291970802,0.4800000023841858,0.5736434108527132,0.0,0.5151515151515151,0.23880597059406453,0.23170731998071437,0.03571428571428571,0.13157894762984493,0.02127659629951132,0.43283582178514396,0.13907284817553514,0.32173913069393323],[0.07042253521126761,0.0,0.12962963183720908,0.0,0.5918367419924054,0.009615384615384616,0.0,0.014084507671880051,0.6168224287924365,0.021739130434782608,0.15789473605783363,0.0,0.6018518518518519,0.010638297872340425,0.0,0.0,0.0934579444822864,0.0,0.5066666650772095,0.15503875968992248,0.0,0.0,0.0,0.3536585387660236,0.35714285714285715,0.1491228078018155,0.08510638345429238,0.014925373134328358,0.0,0.6173913064210311],[0.09859154929577464,0.047945205530483426,0.22222222498169653,0.31578947629844933,0.3877551050818696,0.7596153846153846,0.08490566051793548,0.5070422552001308,0.18691588840752005,0.021739130434782608,0.0526315785552326,0.042253521756387094,0.16666666777045638,0.4361702134000494,0.7446808561365655,0.3237410078374602,0.06542056074766354,0.0,0.45333333532015485,0.6124031007751938,0.10738255123564061,0.8484848484848485,0.26865671641791045,0.08536585402197955,0.22321428571428573,0.3771929835018359,0.04255319259902264,0.3582089556686914,0.2649006611661406,0.18260869591132453]],"client_accs":{"0":[0.0,0.09859154992540117,0.028169014084507043,0.07042253521126761,0.09859154929577464],"1":[0.08219178087294918,0.00684931506849315,0.0136986301369863,0.0,0.047945205530483426],"2":[0.0,0.0,0.1296296312853142,0.12962963183720908,0.22222222498169653],"3":[0.40350877454406336,0.0701754382043554,0.14035087562443918,0.0,0.31578947629844933],"4":[0.0,0.40816326713075446,0.6734693901879447,0.5918367419924054,0.3877551050818696],"5":[0.5,0.019230769230769232,0.34615384615384615,0.009615384615384616,0.7596153846153846],"6":[0.0,0.056603773866059644,0.0,0.0,0.08490566051793548],"7":[0.0,0.6901408467494267,0.5915492982931541,0.014084507671880051,0.5070422552001308],"8":[0.0,0.009345794392523364,0.18691588868604642,0.6168224287924365,0.18691588840752005],"9":[0.043478260869565216,0.0,0.0,0.021739130434782608,0.021739130434782608],"10":[0.10526315632619355,0.0,0.0,0.15789473605783363,0.0526315785552326],"11":[0.0,0.028169014084507043,0.0,0.0,0.042253521756387094],"12":[0.0,0.0,0.3425925914888029,0.6018518518518519,0.16666666777045638],"13":[0.0,0.7127659523740728,0.5106382985064324,0.010638297872340425,0.4361702134000494],"14":[0.42553191933226076,0.0425531914893617,0.553191489995794,0.0,0.7446808561365655],"15":[0.4460431667540571,0.007194244604316547,0.14388489230073614,0.0,0.3237410078374602],"16":[0.0,0.14018691644490322,0.0,0.0934579444822864,0.06542056074766354],"17":[0.036496350419347304,0.043795620437956206,0.029197080291970802,0.0,0.0],"18":[0.0,0.0,0.4800000023841858,0.5066666650772095,0.45333333532015485],"19":[0.0,0.5968992248062015,0.5736434108527132,0.15503875968992248,0.6124031007751938],"20":[0.0,0.1006711410396051,0.0,0.0,0.10738255123564061],"21":[0.6818181818181818,0.3181818181818182,0.5151515151515151,0.0,0.8484848484848485],"22":[0.05970149253731343,0.0,0.23880597059406453,0.0,0.26865671641791045],"23":[0.0,0.04878048798659953,0.23170731998071437,0.3536585387660236,0.08536585402197955],"24":[0.0,0.0,0.03571428571428571,0.35714285714285715,0.22321428571428573],"25":[0.0,0.0,0.13157894762984493,0.1491228078018155,0.3771929835018359],"26":[0.0,0.0638297883437035,0.02127659629951132,0.08510638345429238,0.04255319259902264],"27":[0.0,0.641791045665741,0.43283582178514396,0.014925373134328358,0.3582089556686914],"28":[0.5496688777247801,0.013245033235936765,0.13907284817553514,0.0,0.2649006611661406],"29":[0.0,0.0,0.32173913069393323,0.6173913064210311,0.18260869591132453]},"mean_valid_accs":[0.11246418373867399,0.1257163323982376,0.20487106055885895,0.1500716335420366,0.2603868200606466]}