{"meta":{"task":"mnist_sparse5_dense5_N10_K8","algorithm":"mp_proposal_cluster_matching","model":"cnn","output_file_name":"output.json","sample":"uniform","aggregate":"none","learning_rate_decay":0.998,"weight_decay":0,"lr_scheduler":-1,"num_rounds":2,"proportion":0.8,"num_epochs":4,"learning_rate":0.001,"batch_size":2,"optimizer":"SGD","momentum":0,"seed":0,"eval_interval":1,"num_threads":1,"num_threads_per_gpu":1,"num_gpus":2,"gpu":0,"net_drop":0,"net_active":99999,"capability":0,"learning_rate_lambda":0,"q":0.0,"epsilon":0.0,"eta":1.0,"tau":0,"alpha":0.5,"beta":1.0,"gamma":0.0,"mu":0.1,"dataidx_filename":"mnist\/sparse5_dense5\/10client\/mnist_sparse5_dense5.json","dataidx_path":"none","server_gpu_id":0,"load_model_path":null,"data_folder":".\/benchmark\/mnist\/data","log_folder":"fedtask","wandb":0,"neg_fct":1.0,"neg_mrg":5.0,"temp":1.0,"kd_fct":1.0,"sthr":0.975,"cpg":2,"se":4},"mean_curve":[0.36155249163935665,0.40751658867691576,0.5902271827892054],"var_curve":[0.2823678606193329,0.2947627767226356,0.2798241336920982],"train_losses":[1.7738992914942358,1.3642188430492288,0.9884700027888992],"test_accs":[0.3426,0.3735,0.5329],"test_losses":[2.182584605026245,2.190321893692017,1.6956541763305664],"valid_accs":[[0.10000000149011612,0.27272728085517883,0.0,0.0555555559694767,0.6875,0.6268221593459216,0.893162394181276,0.45625,0.19634703121501018,0.3271604933365873],[0.20000000298023224,0.0,0.0,0.3333333432674408,0.75,0.9023323599520647,0.5555555555555556,0.19791666666666666,0.5022831043424127,0.6337448540047853],[0.0,0.27272728085517883,0.75,0.3888888955116272,0.875,0.8104956249106382,0.914529915039356,0.6958333333333333,0.4931506881975148,0.7016460900444063]],"client_accs":{"0":[0.10000000149011612,0.20000000298023224,0.0],"1":[0.27272728085517883,0.0,0.27272728085517883],"2":[0.0,0.0,0.75],"3":[0.0555555559694767,0.3333333432674408,0.3888888955116272],"4":[0.6875,0.75,0.875],"5":[0.6268221593459216,0.9023323599520647,0.8104956249106382],"6":[0.893162394181276,0.5555555555555556,0.914529915039356],"7":[0.45625,0.19791666666666666,0.6958333333333333],"8":[0.19634703121501018,0.5022831043424127,0.4931506881975148],"9":[0.3271604933365873,0.6337448540047853,0.7016460900444063]},"mean_valid_accs":[0.49630996368041885,0.5913284123768666,0.7301660514268268]}