{"meta":{"task":"mnist_sparse5_dense5_N10_K8","algorithm":"mp_proposal_4_v3_clustering","model":"cnn","output_file_name":"output.json","sample":"uniform","aggregate":"none","learning_rate_decay":0.998,"weight_decay":0,"lr_scheduler":-1,"num_rounds":5,"proportion":0.8,"num_epochs":4,"learning_rate":0.001,"batch_size":2,"optimizer":"SGD","momentum":0,"seed":0,"eval_interval":1,"num_threads":1,"num_threads_per_gpu":1,"num_gpus":2,"gpu":0,"net_drop":0,"net_active":99999,"capability":0,"learning_rate_lambda":0,"q":0.0,"epsilon":0.0,"eta":1.0,"tau":0,"alpha":0.5,"beta":1.0,"gamma":0.0,"mu":0.1,"dataidx_filename":"mnist\/sparse5_dense5\/10client\/mnist_sparse5_dense5.json","dataidx_path":"none","server_gpu_id":1,"load_model_path":null,"data_folder":".\/benchmark\/mnist\/data","log_folder":"fedtask","wandb":0,"neg_fct":1.0,"neg_mrg":5.0,"temp":1.0,"kd_fct":1.0,"sthr":0.975,"cpg":2,"se":4},"mean_curve":[0.3220372830133679,0.5799875908632006,0.5384036223164296,0.6391170594728236,0.5930222005048477,0.6987671363390509],"var_curve":[0.2731653278314473,0.2912857502273,0.2990375227037914,0.27396759688835004,0.31289525593902157,0.22709475668112558],"train_losses":[1.850540240422386,1.0822716330030309,1.0263227534745012,0.8319399518775324,0.7210864831875611,0.5114677148111632],"test_accs":[0.3049,0.5025,0.4653,0.5602,0.5515,0.6114],"test_losses":[2.1234349834442137,1.8841171356201172,2.2388106994628907,1.715118826675415,1.8564038417816162,1.4235447032928468],"valid_accs":[[0.10000000149011612,0.27272728085517883,0.0,0.0555555559694767,0.5625,0.5174927106751644,0.8888888848133576,0.48125,0.04566210052466284,0.2962962958057231],[0.20000000298023224,0.09090909361839294,0.625,0.3333333432674408,1.0,0.9081632670438672,0.7521367551934006,0.5416666666666666,0.48858447508997027,0.8600823047720356],[0.20000000298023224,0.0,0.625,0.3333333432674408,0.9375,0.9212827991813682,0.5598290598290598,0.42916666666666664,0.4931506881975148,0.8847736630420135],[0.20000000298023224,0.1818181872367859,0.75,0.4444444477558136,0.9375,0.90087463661116,0.7948717984378847,0.5479166666666667,0.6666666672110013,0.9670781878286919],[0.20000000298023224,0.1818181872367859,0.625,0.1666666716337204,0.9375,0.9344023330566139,0.8803418818702046,0.6333333333333333,0.424657535607412,0.946502059330175],[0.30000001192092896,0.5454545617103577,0.625,0.3888888955116272,0.9375,0.9402332371942503,0.9957264957264957,0.6854166666666667,0.7031963486649674,0.8662551459952147]],"client_accs":{"0":[0.10000000149011612,0.20000000298023224,0.20000000298023224,0.20000000298023224,0.20000000298023224,0.30000001192092896],"1":[0.27272728085517883,0.09090909361839294,0.0,0.1818181872367859,0.1818181872367859,0.5454545617103577],"2":[0.0,0.625,0.625,0.75,0.625,0.625],"3":[0.0555555559694767,0.3333333432674408,0.3333333432674408,0.4444444477558136,0.1666666716337204,0.3888888955116272],"4":[0.5625,1.0,0.9375,0.9375,0.9375,0.9375],"5":[0.5174927106751644,0.9081632670438672,0.9212827991813682,0.90087463661116,0.9344023330566139,0.9402332371942503],"6":[0.8888888848133576,0.7521367551934006,0.5598290598290598,0.7948717984378847,0.8803418818702046,0.9957264957264957],"7":[0.48125,0.5416666666666666,0.42916666666666664,0.5479166666666667,0.6333333333333333,0.6854166666666667],"8":[0.04566210052466284,0.48858447508997027,0.4931506881975148,0.6666666672110013,0.424657535607412,0.7031963486649674],"9":[0.2962962958057231,0.8600823047720356,0.8847736630420135,0.9670781878286919,0.946502059330175,0.8662551459952147]},"mean_valid_accs":[0.44372693655799345,0.744464945714797,0.7080258309043861,0.7915129156377703,0.7984317353070882,0.8385608867360657]}