{"meta":{"task":"mnist_sparse5_dense5_N10_K8","algorithm":"mp_proposal_random_matching","model":"cnn","output_file_name":"output.json","sample":"uniform","aggregate":"none","learning_rate_decay":0.998,"weight_decay":0,"lr_scheduler":-1,"num_rounds":2,"proportion":0.8,"num_epochs":4,"learning_rate":0.001,"batch_size":2,"optimizer":"SGD","momentum":0,"seed":0,"eval_interval":1,"num_threads":1,"num_threads_per_gpu":1,"num_gpus":2,"gpu":0,"net_drop":0,"net_active":99999,"capability":0,"learning_rate_lambda":0,"q":0.0,"epsilon":0.0,"eta":1.0,"tau":0,"alpha":0.5,"beta":1.0,"gamma":0.0,"mu":0.1,"dataidx_filename":"mnist\/sparse5_dense5\/10client\/mnist_sparse5_dense5.json","dataidx_path":"none","server_gpu_id":0,"load_model_path":null,"data_folder":".\/benchmark\/mnist\/data","log_folder":"fedtask","wandb":0,"neg_fct":1.0,"neg_mrg":5.0,"temp":1.0,"kd_fct":1.0,"sthr":0.975,"cpg":2,"se":4},"mean_curve":[0.26732796224123956,0.45119048303313064,0.5618895535995055],"var_curve":[0.25956762983353315,0.281722201789414,0.23744856569653122],"train_losses":[1.9133154212658696,1.4903743238466691,1.0514157605512116],"test_accs":[0.2809,0.3955,0.4958],"test_losses":[2.2561590576171877,2.0563419235229494,1.9202142108917237],"valid_accs":[[0.10000000149011612,0.27272728085517883,0.0,0.0,0.25,0.46355685035619376,0.8717948723043132,0.43125,0.0,0.28395061740659394],[0.10000000149011612,0.27272728085517883,0.0,0.3888888955116272,0.75,0.731778426872398,0.9529914535008944,0.42916666666666664,0.5159817354319847,0.37037037000244044],[0.0,0.3636363744735718,0.625,0.6111111044883728,0.75,0.7376093299673876,0.5641025686875368,0.48333333333333334,0.9223744319454176,0.5617283930994356]],"client_accs":{"0":[0.10000000149011612,0.10000000149011612,0.0],"1":[0.27272728085517883,0.27272728085517883,0.3636363744735718],"2":[0.0,0.0,0.625],"3":[0.0,0.3888888955116272,0.6111111044883728],"4":[0.25,0.75,0.75],"5":[0.46355685035619376,0.731778426872398,0.7376093299673876],"6":[0.8717948723043132,0.9529914535008944,0.5641025686875368],"7":[0.43125,0.42916666666666664,0.48333333333333334],"8":[0.0,0.5159817354319847,0.9223744319454176],"9":[0.28395061740659394,0.37037037000244044,0.5617283930994356]},"mean_valid_accs":[0.40359778580602906,0.5751845023330178,0.6351476019708873]}