{"meta":{"task":"mnist_sparse5_dense5_N10_K8","algorithm":"mp_proposal_cluster_matching_v2","model":"cnn","output_file_name":"output.json","sample":"uniform","aggregate":"none","learning_rate_decay":0.998,"weight_decay":0,"lr_scheduler":-1,"num_rounds":2,"proportion":0.8,"num_epochs":4,"learning_rate":0.001,"batch_size":2,"optimizer":"SGD","momentum":0,"seed":0,"eval_interval":1,"num_threads":1,"num_threads_per_gpu":1,"num_gpus":2,"gpu":0,"net_drop":0,"net_active":99999,"capability":0,"learning_rate_lambda":0,"q":0.0,"epsilon":0.0,"eta":1.0,"tau":0,"alpha":0.5,"beta":1.0,"gamma":0.0,"mu":0.1,"dataidx_filename":"mnist\/sparse5_dense5\/10client\/mnist_sparse5_dense5.json","dataidx_path":"none","server_gpu_id":0,"load_model_path":null,"data_folder":".\/benchmark\/mnist\/data","log_folder":"fedtask","wandb":0,"neg_fct":1.0,"neg_mrg":5.0,"temp":1.0,"kd_fct":1.0,"sthr":0.975,"cpg":2,"se":4},"mean_curve":[0.29626515297019546,0.42711720507447587,0.5202288400112586],"var_curve":[0.2856098939777518,0.28077116130705065,0.26492158264695037],"train_losses":[1.8408587124624816,1.3545078808421138,0.9479476729222329],"test_accs":[0.276,0.3651,0.4635],"test_losses":[2.2284788299560545,2.0871208000183104,1.9149678966522217],"valid_accs":[[0.10000000149011612,0.27272728085517883,0.0,0.0,0.375,0.4766763842314395,0.9743589743589743,0.375,0.0,0.3888888887662456],[0.0,0.09090909361839294,0.25,0.2777777910232544,0.8125,0.6778425671616379,0.8632478596817734,0.28125,0.4703196349073218,0.547325104352378],[0.10000000149011612,0.27272728085517883,0.5,0.2222222238779068,0.75,0.8265306103333787,0.9871794876889286,0.5270833333333333,0.438356163839227,0.5781892986945164]],"client_accs":{"0":[0.10000000149011612,0.0,0.10000000149011612],"1":[0.27272728085517883,0.09090909361839294,0.27272728085517883],"2":[0.0,0.25,0.5],"3":[0.0,0.2777777910232544,0.2222222238779068],"4":[0.375,0.8125,0.75],"5":[0.4766763842314395,0.6778425671616379,0.8265306103333787],"6":[0.9743589743589743,0.8632478596817734,0.9871794876889286],"7":[0.375,0.28125,0.5270833333333333],"8":[0.0,0.4703196349073218,0.438356163839227],"9":[0.3888888887662456,0.547325104352378,0.5781892986945164]},"mean_valid_accs":[0.43081180794625046,0.549815498739206,0.6697416964890882]}