{"meta":{"task":"mnist_sparse5_dense5_N10_K8","algorithm":"mp_proposal_cluster_matching_v1","model":"cnn","output_file_name":"output.json","sample":"uniform","aggregate":"none","learning_rate_decay":0.998,"weight_decay":0,"lr_scheduler":-1,"num_rounds":2,"proportion":0.8,"num_epochs":4,"learning_rate":0.001,"batch_size":2,"optimizer":"SGD","momentum":0,"seed":0,"eval_interval":1,"num_threads":1,"num_threads_per_gpu":1,"num_gpus":2,"gpu":0,"net_drop":0,"net_active":99999,"capability":0,"learning_rate_lambda":0,"q":0.0,"epsilon":0.0,"eta":1.0,"tau":0,"alpha":0.5,"beta":1.0,"gamma":0.0,"mu":0.1,"dataidx_filename":"mnist\/sparse5_dense5\/10client\/mnist_sparse5_dense5.json","dataidx_path":"none","server_gpu_id":0,"load_model_path":null,"data_folder":".\/benchmark\/mnist\/data","log_folder":"fedtask","wandb":0,"neg_fct":1.0,"neg_mrg":5.0,"temp":1.0,"kd_fct":1.0,"sthr":0.975,"cpg":2,"se":4},"mean_curve":[0.32183152169649554,0.3665835132990362,0.5170599760476463],"var_curve":[0.27318541389977,0.30878006649307516,0.29651121667169467],"train_losses":[1.8505957113420832,1.2921522413672557,1.1288533516475636],"test_accs":[0.3053,0.384,0.458],"test_losses":[2.1231961380004885,1.8823252712249756,1.7350155815124513],"valid_accs":[[0.10000000149011612,0.27272728085517883,0.0,0.0555555559694767,0.5625,0.5174927106751644,0.8888888848133576,0.48125,0.04566210052466284,0.2942386826369988],[0.20000000298023224,0.0,0.0,0.0555555559694767,0.625,0.8571428559264358,0.7179487164203937,0.30833333333333335,0.21461187221416056,0.68724279614633],[0.10000000149011612,0.27272728085517883,0.625,0.1111111119389534,0.875,0.6501457734636246,0.9786324791419201,0.6875,0.2511415517629554,0.6193415618237154]],"client_accs":{"0":[0.10000000149011612,0.20000000298023224,0.10000000149011612],"1":[0.27272728085517883,0.0,0.27272728085517883],"2":[0.0,0.0,0.625],"3":[0.0555555559694767,0.0555555559694767,0.1111111119389534],"4":[0.5625,0.625,0.875],"5":[0.5174927106751644,0.8571428559264358,0.6501457734636246],"6":[0.8888888848133576,0.7179487164203937,0.9786324791419201],"7":[0.48125,0.30833333333333335,0.6875],"8":[0.04566210052466284,0.21461187221416056,0.2511415517629554],"9":[0.2942386826369988,0.68724279614633,0.6193415618237154]},"mean_valid_accs":[0.44326568194544735,0.5987084860641962,0.6392988928583385]}