{"Training Loss": 2.267955759980462, "Testing Loss": 2.2837223320007323, "Testing Accuracy": 0.1058, "Validating Accuracy": 0.11363636512647976, "Mean Client Accuracy": 0.11914646625518799, "Std Client Accuracy": 0.24661866652328857, "Max Testing Accuracy": 0.1058, "_timestamp": 1672245902.9254227, "_runtime": 50.288803577423096, "_step": 2, "_wandb": {"runtime": 50}}